project_id,project_name,ministry,sector,original_cost_cr,revised_cost_cr,expenditure_cr,physical_progress_pct,status,cost_overrun_pct,revised_cost_missing,possible_outlier,date_is_synthetic,cost_is_estimated,primary_delay_cause
100000,Roads & Highways Project 100000,Ministry of Road Transport & Highways,Roads & Highways,905.35,830.56,571.34,88.8,On Track,-8.26,False,False,True,True,
100001,Roads & Highways Project 100001,Ministry of Road Transport & Highways,Roads & Highways,426.57,437.81,147.26,49.1,Delayed,2.63,False,False,True,True,scope changes and structural revisions
100002,Roads & Highways Project 100002,Ministry of Road Transport & Highways,Roads & Highways,718.95,694.46,439.24,79.4,On Track,-3.41,False,False,True,True,
100003,Roads & Highways Project 100003,Ministry of Road Transport & Highways,Roads & Highways,971.19,972.06,495.24,66.4,On Track,0.09,False,False,True,True,
100004,Roads & Highways Project 100004,Ministry of Road Transport & Highways,Roads & Highways,430.16,399.89,270.79,85.9,On Track,-7.04,False,False,True,True,
100005,Roads & Highways Project 100005,Ministry of Road Transport & Highways,Roads & Highways,801.19,792.25,307.98,58.9,On Track,-1.12,False,False,True,True,
100006,Roads & Highways Project 100006,Ministry of Road Transport & Highways,Roads & Highways,603.33,573.01,300.36,69.6,On Track,-5.03,False,False,True,True,
100007,Roads & Highways Project 100007,Ministry of Road Transport & Highways,Roads & Highways,825.54,833.56,440.23,75.8,On Track,0.97,False,False,True,True,
100008,Roads & Highways Project 100008,Ministry of Road Transport & Highways,Roads & Highways,355.53,328.59,166.0,67.0,On Track,-7.58,False,False,True,True,
100009,Roads & Highways Project 100009,Ministry of Road Transport & Highways,Roads & Highways,999.4,945.58,321.76,41.0,Delayed,-5.39,True,False,True,True,contractual disputes and arbitration
100010,Roads & Highways Project 100010,Ministry of Road Transport & Highways,Roads & Highways,1144.54,1111.17,738.96,83.4,On Track,-2.92,False,False,True,True,
100011,Roads & Highways Project 100011,Ministry of Road Transport & Highways,Roads & Highways,412.27,393.71,311.42,98.7,On Track,-4.5,False,False,True,True,
100012,Roads & Highways Project 100012,Ministry of Road Transport & Highways,Roads & Highways,241.65,241.91,83.47,44.4,Delayed,0.11,False,False,True,True,financing tie-up delays
100013,Roads & Highways Project 100013,Ministry of Road Transport & Highways,Roads & Highways,635.66,583.75,425.41,97.8,On Track,-8.17,False,False,True,True,
100014,Roads & Highways Project 100014,Ministry of Road Transport & Highways,Roads & Highways,406.66,388.07,283.21,89.1,On Track,-4.57,False,False,True,True,
100015,Roads & Highways Project 100015,Ministry of Road Transport & Highways,Roads & Highways,2719.29,3105.02,710.92,33.2,Delayed,14.18,False,False,True,True,land acquisition delays
100016,Roads & Highways Project 100016,Ministry of Road Transport & Highways,Roads & Highways,1484.95,1463.19,648.93,46.6,Delayed,-1.47,False,False,True,True,delays in detailed engineering
100017,Roads & Highways Project 100017,Ministry of Road Transport & Highways,Roads & Highways,1406.74,1333.71,91.77,14.3,Critical,-5.19,False,False,True,True,geological surprises
100018,Roads & Highways Project 100018,Ministry of Road Transport & Highways,Roads & Highways,953.81,922.86,393.06,53.9,Delayed,-3.24,False,False,True,True,delays in detailed engineering
100019,Roads & Highways Project 100019,Ministry of Road Transport & Highways,Roads & Highways,824.06,799.08,626.49,100.0,Completed,-3.03,False,False,True,True,
100020,Roads & Highways Project 100020,Ministry of Road Transport & Highways,Roads & Highways,335.08,301.16,212.8,82.7,On Track,-10.12,False,False,True,True,
100021,Roads & Highways Project 100021,Ministry of Road Transport & Highways,Roads & Highways,415.17,420.55,176.33,50.2,Delayed,1.3,False,False,True,True,land acquisition delays
100022,Roads & Highways Project 100022,Ministry of Road Transport & Highways,Roads & Highways,719.52,668.12,120.29,26.1,Delayed,-7.14,False,False,True,True,land acquisition delays
100023,Roads & Highways Project 100023,Ministry of Road Transport & Highways,Roads & Highways,1425.17,1435.11,576.16,58.3,On Track,0.7,False,False,True,True,
100024,Roads & Highways Project 100024,Ministry of Road Transport & Highways,Roads & Highways,787.66,779.3,510.52,82.6,On Track,-1.06,False,False,True,True,
100025,Roads & Highways Project 100025,Ministry of Road Transport & Highways,Roads & Highways,1626.29,1520.65,334.76,31.6,Delayed,-6.5,False,False,True,True,forest/environment clearance delays
100026,Roads & Highways Project 100026,Ministry of Road Transport & Highways,Roads & Highways,1541.88,1497.29,858.93,56.5,On Track,-2.89,False,False,True,True,
100027,Roads & Highways Project 100027,Ministry of Road Transport & Highways,Roads & Highways,346.79,331.37,202.34,81.0,On Track,-4.45,False,False,True,True,
100028,Roads & Highways Project 100028,Ministry of Road Transport & Highways,Roads & Highways,680.8,644.14,320.26,63.2,On Track,-5.38,True,False,True,True,
100029,Roads & Highways Project 100029,Ministry of Road Transport & Highways,Roads & Highways,933.45,914.27,336.19,45.1,Delayed,-2.05,False,False,True,True,land acquisition delays
100030,Roads & Highways Project 100030,Ministry of Road Transport & Highways,Roads & Highways,360.39,376.26,132.39,48.2,Delayed,4.4,False,False,True,True,delays in detailed engineering
100031,Roads & Highways Project 100031,Ministry of Road Transport & Highways,Roads & Highways,768.43,737.57,173.75,29.3,Delayed,-4.02,False,False,True,True,land acquisition delays
100032,Roads & Highways Project 100032,Ministry of Road Transport & Highways,Roads & Highways,583.19,511.28,235.34,65.7,On Track,-12.33,False,False,True,True,
100033,Roads & Highways Project 100033,Ministry of Road Transport & Highways,Roads & Highways,597.56,627.57,373.46,71.8,On Track,5.02,False,False,True,True,
100034,Roads & Highways Project 100034,Ministry of Road Transport & Highways,Roads & Highways,612.46,600.34,302.09,57.9,On Track,-1.98,False,False,True,True,
100035,Roads & Highways Project 100035,Ministry of Road Transport & Highways,Roads & Highways,1209.93,1306.47,551.27,50.6,Delayed,7.98,False,False,True,True,delays in detailed engineering
100036,Roads & Highways Project 100036,Ministry of Road Transport & Highways,Roads & Highways,384.27,375.93,128.89,58.0,On Track,-2.17,False,False,True,True,
100037,Roads & Highways Project 100037,Ministry of Road Transport & Highways,Roads & Highways,905.14,887.51,702.02,100.0,Completed,-1.95,False,False,True,True,
100038,Roads & Highways Project 100038,Ministry of Road Transport & Highways,Roads & Highways,1287.59,1215.52,629.01,67.6,On Track,-5.6,False,False,True,True,
100039,Roads & Highways Project 100039,Ministry of Road Transport & Highways,Roads & Highways,672.57,671.36,98.87,17.8,Critical,-0.18,False,False,True,True,forest/environment clearance delays
100040,Roads & Highways Project 100040,Ministry of Road Transport & Highways,Roads & Highways,748.21,787.02,271.39,34.8,Delayed,5.19,False,False,True,True,contractual disputes and arbitration
100041,Roads & Highways Project 100041,Ministry of Road Transport & Highways,Roads & Highways,796.61,837.06,327.36,48.8,Delayed,5.08,False,False,True,True,land acquisition delays
100042,Roads & Highways Project 100042,Ministry of Road Transport & Highways,Roads & Highways,165.45,162.06,80.86,61.2,On Track,-2.05,False,False,True,True,
100043,Roads & Highways Project 100043,Ministry of Road Transport & Highways,Roads & Highways,469.76,453.9,309.31,99.8,Completed,-3.38,False,False,True,True,
100044,Roads & Highways Project 100044,Ministry of Road Transport & Highways,Roads & Highways,319.75,285.31,127.77,49.8,Delayed,-10.77,False,False,True,True,land acquisition delays
100045,Roads & Highways Project 100045,Ministry of Road Transport & Highways,Roads & Highways,450.38,474.38,292.12,74.6,On Track,5.33,False,False,True,True,
100046,Roads & Highways Project 100046,Ministry of Road Transport & Highways,Roads & Highways,2272.76,2040.86,562.37,39.2,Delayed,-10.2,False,False,True,True,land acquisition delays
100047,Roads & Highways Project 100047,Ministry of Road Transport & Highways,Roads & Highways,370.52,348.03,101.8,46.6,Delayed,-6.07,False,False,True,True,contractual disputes and arbitration
100048,Roads & Highways Project 100048,Ministry of Road Transport & Highways,Roads & Highways,598.71,622.48,129.59,25.9,Delayed,3.97,False,False,True,True,land acquisition delays
100049,Roads & Highways Project 100049,Ministry of Road Transport & Highways,Roads & Highways,428.62,426.62,284.12,88.6,On Track,-0.47,False,False,True,True,
100050,Roads & Highways Project 100050,Ministry of Road Transport & Highways,Roads & Highways,613.81,666.85,259.49,46.5,Delayed,8.64,False,False,True,True,delays in detailed engineering
100051,Roads & Highways Project 100051,Ministry of Road Transport & Highways,Roads & Highways,1482.9,1351.82,698.24,66.9,On Track,-8.84,False,False,True,True,
100052,Roads & Highways Project 100052,Ministry of Road Transport & Highways,Roads & Highways,664.8,619.72,157.44,30.6,Delayed,-6.78,False,False,True,True,land acquisition delays
100053,Roads & Highways Project 100053,Ministry of Road Transport & Highways,Roads & Highways,997.58,956.59,554.86,69.4,On Track,-4.11,False,False,True,True,
100054,Roads & Highways Project 100054,Ministry of Road Transport & Highways,Roads & Highways,465.25,414.61,95.0,38.9,Delayed,-10.88,False,False,True,True,forest/environment clearance delays
100055,Roads & Highways Project 100055,Ministry of Road Transport & Highways,Roads & Highways,792.27,769.73,410.27,74.6,On Track,-2.84,False,False,True,True,
100056,Roads & Highways Project 100056,Ministry of Road Transport & Highways,Roads & Highways,417.06,438.86,213.47,53.3,Delayed,5.23,False,False,True,True,land acquisition delays
100057,Roads & Highways Project 100057,Ministry of Road Transport & Highways,Roads & Highways,402.83,381.14,90.66,35.4,Delayed,-5.38,True,False,True,True,land acquisition delays
100058,Roads & Highways Project 100058,Ministry of Road Transport & Highways,Roads & Highways,434.07,429.95,174.26,48.3,Delayed,-0.95,False,False,True,True,scope changes and structural revisions
100059,Roads & Highways Project 100059,Ministry of Road Transport & Highways,Roads & Highways,1066.35,1059.17,531.92,70.1,On Track,-0.67,False,False,True,True,
100060,Roads & Highways Project 100060,Ministry of Road Transport & Highways,Roads & Highways,709.32,706.07,183.94,30.3,Delayed,-0.46,False,False,True,True,land acquisition delays
100061,Roads & Highways Project 100061,Ministry of Road Transport & Highways,Roads & Highways,289.74,281.79,156.09,72.9,On Track,-2.74,False,False,True,True,
100062,Roads & Highways Project 100062,Ministry of Road Transport & Highways,Roads & Highways,940.58,789.74,207.39,38.9,Delayed,-16.04,False,False,True,True,contractual disputes and arbitration
100063,Roads & Highways Project 100063,Ministry of Road Transport & Highways,Roads & Highways,2116.41,1919.67,1420.99,98.6,On Track,-9.3,False,False,True,True,
100064,Roads & Highways Project 100064,Ministry of Road Transport & Highways,Roads & Highways,1259.47,1247.07,452.47,43.5,Delayed,-0.98,False,False,True,True,scope changes and structural revisions
100065,Roads & Highways Project 100065,Ministry of Road Transport & Highways,Roads & Highways,993.78,940.27,452.65,69.8,On Track,-5.38,True,False,True,True,
100066,Roads & Highways Project 100066,Ministry of Road Transport & Highways,Roads & Highways,1181.14,1169.5,704.38,74.8,On Track,-0.99,False,False,True,True,
100067,Roads & Highways Project 100067,Ministry of Road Transport & Highways,Roads & Highways,525.05,500.41,20.79,17.0,Critical,-4.69,False,False,True,True,forest/environment clearance delays
100068,Roads & Highways Project 100068,Ministry of Road Transport & Highways,Roads & Highways,616.59,595.42,415.9,89.0,On Track,-3.43,False,False,True,True,
100069,Roads & Highways Project 100069,Ministry of Road Transport & Highways,Roads & Highways,596.45,577.58,173.26,28.7,Delayed,-3.16,False,False,True,True,land acquisition delays
100070,Roads & Highways Project 100070,Ministry of Road Transport & Highways,Roads & Highways,1087.86,1081.94,504.4,65.5,On Track,-0.54,False,False,True,True,
100071,Roads & Highways Project 100071,Ministry of Road Transport & Highways,Roads & Highways,594.51,577.74,159.06,33.9,Delayed,-2.82,False,False,True,True,land acquisition delays
100072,Roads & Highways Project 100072,Ministry of Road Transport & Highways,Roads & Highways,315.55,323.08,205.03,78.1,On Track,2.39,False,False,True,True,
100073,Roads & Highways Project 100073,Ministry of Road Transport & Highways,Roads & Highways,1675.51,1586.44,1180.96,98.5,On Track,-5.32,False,False,True,True,
100074,Roads & Highways Project 100074,Ministry of Road Transport & Highways,Roads & Highways,910.87,861.82,647.47,98.1,On Track,-5.38,True,False,True,True,
100075,Roads & Highways Project 100075,Ministry of Road Transport & Highways,Roads & Highways,1531.0,1473.62,841.0,74.9,On Track,-3.75,False,False,True,True,
100076,Roads & Highways Project 100076,Ministry of Road Transport & Highways,Roads & Highways,1131.29,1103.76,384.68,40.8,Delayed,-2.43,False,False,True,True,delays in detailed engineering
100077,Roads & Highways Project 100077,Ministry of Road Transport & Highways,Roads & Highways,382.13,371.04,85.05,25.0,Critical,-2.9,False,False,True,True,land acquisition delays
100078,Roads & Highways Project 100078,Ministry of Road Transport & Highways,Roads & Highways,358.72,359.39,180.73,60.0,On Track,0.19,False,False,True,True,
100079,Roads & Highways Project 100079,Ministry of Road Transport & Highways,Roads & Highways,259.13,219.96,173.99,95.0,On Track,-15.12,False,False,True,True,
100080,Roads & Highways Project 100080,Ministry of Road Transport & Highways,Roads & Highways,1038.82,992.42,641.43,76.5,On Track,-4.47,False,False,True,True,
100081,Roads & Highways Project 100081,Ministry of Road Transport & Highways,Roads & Highways,408.17,418.37,287.58,99.3,Completed,2.5,False,False,True,True,
100082,Roads & Highways Project 100082,Ministry of Road Transport & Highways,Roads & Highways,784.15,740.91,334.41,58.1,On Track,-5.51,False,False,True,True,
100083,Roads & Highways Project 100083,Ministry of Road Transport & Highways,Roads & Highways,847.31,774.74,383.66,58.5,On Track,-8.56,False,False,True,True,
100084,Roads & Highways Project 100084,Ministry of Road Transport & Highways,Roads & Highways,748.22,741.15,339.41,56.0,On Track,-0.94,False,False,True,True,
100085,Roads & Highways Project 100085,Ministry of Road Transport & Highways,Roads & Highways,957.74,906.17,335.02,54.2,Delayed,-5.38,True,False,True,True,forest/environment clearance delays
100086,Roads & Highways Project 100086,Ministry of Road Transport & Highways,Roads & Highways,950.3,997.35,772.97,98.4,On Track,4.95,False,False,True,True,
100087,Roads & Highways Project 100087,Ministry of Road Transport & Highways,Roads & Highways,535.22,503.53,206.72,44.3,Delayed,-5.92,False,False,True,True,scope changes and structural revisions
100088,Roads & Highways Project 100088,Ministry of Road Transport & Highways,Roads & Highways,913.3,831.53,32.24,19.7,Critical,-8.95,False,False,True,True,delays in detailed engineering
100089,Roads & Highways Project 100089,Ministry of Road Transport & Highways,Roads & Highways,2049.15,1869.67,683.26,49.1,Delayed,-8.76,False,False,True,True,law-and-order and local right-of-way issues
100090,Roads & Highways Project 100090,Ministry of Road Transport & Highways,Roads & Highways,760.04,817.8,157.59,19.0,Critical,7.6,False,False,True,True,geological surprises
100091,Roads & Highways Project 100091,Ministry of Road Transport & Highways,Roads & Highways,540.18,555.31,253.57,54.9,Delayed,2.8,False,False,True,True,land acquisition delays
100092,Roads & Highways Project 100092,Ministry of Road Transport & Highways,Roads & Highways,290.83,283.01,160.96,73.6,On Track,-2.69,False,False,True,True,
100093,Roads & Highways Project 100093,Ministry of Road Transport & Highways,Roads & Highways,890.26,818.34,578.79,91.8,On Track,-8.08,False,False,True,True,
100094,Roads & Highways Project 100094,Ministry of Road Transport & Highways,Roads & Highways,729.28,721.43,318.84,59.6,On Track,-1.08,False,False,True,True,
100095,Roads & Highways Project 100095,Ministry of Road Transport & Highways,Roads & Highways,146.07,128.5,41.5,45.7,Delayed,-12.03,False,False,True,True,delays in detailed engineering
100096,Roads & Highways Project 100096,Ministry of Road Transport & Highways,Roads & Highways,1013.86,901.58,222.58,33.2,Delayed,-11.07,False,False,True,True,land acquisition delays
100097,Roads & Highways Project 100097,Ministry of Road Transport & Highways,Roads & Highways,777.19,711.39,455.79,74.0,On Track,-8.47,False,False,True,True,
100098,Roads & Highways Project 100098,Ministry of Road Transport & Highways,Roads & Highways,1047.71,1104.12,513.53,48.7,Delayed,5.38,False,False,True,True,financing tie-up delays
100099,Roads & Highways Project 100099,Ministry of Road Transport & Highways,Roads & Highways,971.86,936.15,295.9,37.2,Delayed,-3.67,False,False,True,True,land acquisition delays
100100,Roads & Highways Project 100100,Ministry of Road Transport & Highways,Roads & Highways,701.43,722.35,274.41,51.1,Delayed,2.98,False,False,True,True,land acquisition delays
100101,Roads & Highways Project 100101,Ministry of Road Transport & Highways,Roads & Highways,110.53,110.33,83.08,100.0,Completed,-0.18,False,False,True,True,
100102,Roads & Highways Project 100102,Ministry of Road Transport & Highways,Roads & Highways,3191.18,3115.63,2321.92,97.6,On Track,-2.37,False,False,True,True,
100103,Roads & Highways Project 100103,Ministry of Road Transport & Highways,Roads & Highways,458.44,471.69,150.51,47.4,Delayed,2.89,False,False,True,True,forest/environment clearance delays
100104,Roads & Highways Project 100104,Ministry of Road Transport & Highways,Roads & Highways,568.06,508.98,250.23,59.6,On Track,-10.4,False,False,True,True,
100105,Roads & Highways Project 100105,Ministry of Road Transport & Highways,Roads & Highways,298.11,296.69,195.05,74.0,On Track,-0.48,False,False,True,True,
100106,Roads & Highways Project 100106,Ministry of Road Transport & Highways,Roads & Highways,1745.63,1693.62,803.4,65.5,On Track,-2.98,False,False,True,True,
100107,Roads & Highways Project 100107,Ministry of Road Transport & Highways,Roads & Highways,567.27,574.32,454.28,97.8,On Track,1.24,False,False,True,True,
100108,Roads & Highways Project 100108,Ministry of Road Transport & Highways,Roads & Highways,536.33,473.3,163.1,42.4,Delayed,-11.75,False,False,True,True,tendering and ordering delays
100109,Roads & Highways Project 100109,Ministry of Road Transport & Highways,Roads & Highways,969.36,980.43,429.8,49.4,Delayed,1.14,False,False,True,True,forest/environment clearance delays
100110,Roads & Highways Project 100110,Ministry of Road Transport & Highways,Roads & Highways,536.47,538.61,257.74,67.4,On Track,0.4,False,False,True,True,
100111,Roads & Highways Project 100111,Ministry of Road Transport & Highways,Roads & Highways,1398.68,1421.18,619.1,53.5,Delayed,1.61,False,False,True,True,delays in detailed engineering
100112,Roads & Highways Project 100112,Ministry of Road Transport & Highways,Roads & Highways,650.41,639.13,149.17,27.4,Delayed,-1.73,False,False,True,True,forest/environment clearance delays
100113,Roads & Highways Project 100113,Ministry of Road Transport & Highways,Roads & Highways,1911.0,1816.44,953.63,68.2,On Track,-4.95,False,False,True,True,
100114,Roads & Highways Project 100114,Ministry of Road Transport & Highways,Roads & Highways,653.46,596.71,86.73,22.3,Critical,-8.68,False,False,True,True,law-and-order and local right-of-way issues
100115,Roads & Highways Project 100115,Ministry of Road Transport & Highways,Roads & Highways,870.17,842.19,452.99,65.4,On Track,-3.22,False,False,True,True,
100116,Roads & Highways Project 100116,Ministry of Road Transport & Highways,Roads & Highways,620.42,584.81,340.51,69.2,On Track,-5.74,False,False,True,True,
100117,Roads & Highways Project 100117,Ministry of Road Transport & Highways,Roads & Highways,1664.9,1732.48,1061.75,83.8,On Track,4.06,False,False,True,True,
100118,Roads & Highways Project 100118,Ministry of Road Transport & Highways,Roads & Highways,1732.93,1774.75,872.13,56.6,On Track,2.41,False,False,True,True,
100119,Roads & Highways Project 100119,Ministry of Road Transport & Highways,Roads & Highways,587.23,585.12,462.83,98.7,On Track,-0.36,False,False,True,True,
100120,Roads & Highways Project 100120,Ministry of Road Transport & Highways,Roads & Highways,696.63,670.57,322.04,54.2,Delayed,-3.74,False,False,True,True,land acquisition delays
100121,Roads & Highways Project 100121,Ministry of Road Transport & Highways,Roads & Highways,760.86,739.09,578.92,96.9,On Track,-2.86,False,False,True,True,
100122,Roads & Highways Project 100122,Ministry of Road Transport & Highways,Roads & Highways,1010.05,964.22,447.15,55.6,On Track,-4.54,False,False,True,True,
100123,Roads & Highways Project 100123,Ministry of Road Transport & Highways,Roads & Highways,798.03,779.29,99.83,25.6,Delayed,-2.35,False,False,True,True,financing tie-up delays
100124,Roads & Highways Project 100124,Ministry of Road Transport & Highways,Roads & Highways,424.41,473.62,248.29,73.6,Delayed,11.59,False,False,True,True,delays in detailed engineering
100125,Roads & Highways Project 100125,Ministry of Road Transport & Highways,Roads & Highways,262.46,244.92,169.08,85.2,On Track,-6.68,False,False,True,True,
100126,Roads & Highways Project 100126,Ministry of Road Transport & Highways,Roads & Highways,737.55,662.54,325.24,64.8,On Track,-10.17,False,False,True,True,
100127,Roads & Highways Project 100127,Ministry of Road Transport & Highways,Roads & Highways,1209.34,1313.6,129.13,15.6,Critical,8.62,False,False,True,True,land acquisition delays
100128,Roads & Highways Project 100128,Ministry of Road Transport & Highways,Roads & Highways,694.84,652.8,66.37,16.0,Critical,-6.05,False,False,True,True,tendering and ordering delays
100129,Roads & Highways Project 100129,Ministry of Road Transport & Highways,Roads & Highways,467.05,385.74,156.84,44.7,Delayed,-17.41,False,False,True,True,financing tie-up delays
100130,Roads & Highways Project 100130,Ministry of Road Transport & Highways,Roads & Highways,1235.11,1142.84,452.81,57.8,On Track,-7.47,False,False,True,True,
100131,Roads & Highways Project 100131,Ministry of Road Transport & Highways,Roads & Highways,343.98,337.57,246.05,100.0,Completed,-1.86,False,False,True,True,
100132,Roads & Highways Project 100132,Ministry of Road Transport & Highways,Roads & Highways,2218.48,2099.33,1559.29,90.0,On Track,-5.37,False,False,True,True,
100133,Roads & Highways Project 100133,Ministry of Road Transport & Highways,Roads & Highways,1990.55,1853.59,1466.19,98.5,On Track,-6.88,False,False,True,True,
100134,Roads & Highways Project 100134,Ministry of Road Transport & Highways,Roads & Highways,791.21,808.31,475.35,72.3,On Track,2.16,False,False,True,True,
100135,Roads & Highways Project 100135,Ministry of Road Transport & Highways,Roads & Highways,2016.82,2135.24,1062.01,62.0,On Track,5.87,False,False,True,True,
100136,Roads & Highways Project 100136,Ministry of Road Transport & Highways,Roads & Highways,644.54,673.02,86.14,16.6,Critical,4.42,False,False,True,True,forest/environment clearance delays
100137,Roads & Highways Project 100137,Ministry of Road Transport & Highways,Roads & Highways,1268.99,1251.31,395.53,44.7,Delayed,-1.39,False,False,True,True,land acquisition delays
100138,Roads & Highways Project 100138,Ministry of Road Transport & Highways,Roads & Highways,396.54,388.39,244.43,97.8,On Track,-2.06,False,False,True,True,
100139,Roads & Highways Project 100139,Ministry of Road Transport & Highways,Roads & Highways,592.5,538.85,378.03,99.4,Completed,-9.05,False,False,True,True,
100140,Roads & Highways Project 100140,Ministry of Road Transport & Highways,Roads & Highways,1610.05,1502.59,493.39,51.9,Delayed,-6.67,False,False,True,True,land acquisition delays
100141,Roads & Highways Project 100141,Ministry of Road Transport & Highways,Roads & Highways,1202.99,1046.39,827.7,99.7,Completed,-13.02,False,False,True,True,
100142,Roads & Highways Project 100142,Ministry of Road Transport & Highways,Roads & Highways,646.31,601.8,476.02,98.3,On Track,-6.89,False,False,True,True,
100143,Roads & Highways Project 100143,Ministry of Road Transport & Highways,Roads & Highways,691.8,665.56,99.88,21.6,Critical,-3.79,False,False,True,True,tendering and ordering delays
100144,Roads & Highways Project 100144,Ministry of Road Transport & Highways,Roads & Highways,568.8,547.19,207.27,55.6,On Track,-3.8,False,False,True,True,
100145,Roads & Highways Project 100145,Ministry of Road Transport & Highways,Roads & Highways,1761.39,1844.44,920.38,63.3,On Track,4.72,False,False,True,True,
100146,Roads & Highways Project 100146,Ministry of Road Transport & Highways,Roads & Highways,897.44,951.36,99.59,6.0,Critical,6.01,False,False,True,True,land acquisition delays
100147,Roads & Highways Project 100147,Ministry of Road Transport & Highways,Roads & Highways,924.18,854.36,479.67,68.8,On Track,-7.55,False,False,True,True,
100148,Roads & Highways Project 100148,Ministry of Road Transport & Highways,Roads & Highways,659.6,665.6,412.28,75.7,On Track,0.91,False,False,True,True,
100149,Roads & Highways Project 100149,Ministry of Road Transport & Highways,Roads & Highways,877.08,888.86,274.44,31.6,Delayed,1.34,False,False,True,True,land acquisition delays
100150,Roads & Highways Project 100150,Ministry of Road Transport & Highways,Roads & Highways,3163.0,3267.21,1573.59,61.0,On Track,3.29,False,False,True,True,
100151,Roads & Highways Project 100151,Ministry of Road Transport & Highways,Roads & Highways,410.68,420.22,321.92,97.4,On Track,2.32,False,False,True,True,
100152,Roads & Highways Project 100152,Ministry of Road Transport & Highways,Roads & Highways,703.46,669.31,282.5,45.8,Delayed,-4.85,False,False,True,True,contractual disputes and arbitration
100153,Roads & Highways Project 100153,Ministry of Road Transport & Highways,Roads & Highways,896.75,994.02,426.4,57.7,Delayed,10.85,False,False,True,True,forest/environment clearance delays
100154,Roads & Highways Project 100154,Ministry of Road Transport & Highways,Roads & Highways,689.53,763.3,400.51,64.9,Delayed,10.7,False,False,True,True,scope changes and structural revisions
100155,Roads & Highways Project 100155,Ministry of Road Transport & Highways,Roads & Highways,762.36,688.72,72.01,27.0,Delayed,-9.66,False,False,True,True,tendering and ordering delays
100156,Roads & Highways Project 100156,Ministry of Road Transport & Highways,Roads & Highways,668.1,731.85,246.5,41.5,Delayed,9.54,False,False,True,True,contractual disputes and arbitration
100157,Roads & Highways Project 100157,Ministry of Road Transport & Highways,Roads & Highways,438.81,450.35,232.69,73.1,On Track,2.63,False,False,True,True,
100158,Roads & Highways Project 100158,Ministry of Road Transport & Highways,Roads & Highways,590.16,539.27,288.52,61.0,On Track,-8.62,False,False,True,True,
100159,Roads & Highways Project 100159,Ministry of Road Transport & Highways,Roads & Highways,920.51,887.76,57.51,5.1,Critical,-3.56,False,False,True,True,land acquisition delays
100160,Roads & Highways Project 100160,Ministry of Road Transport & Highways,Roads & Highways,202.73,178.59,45.95,49.7,Delayed,-11.91,False,False,True,True,tendering and ordering delays
100161,Roads & Highways Project 100161,Ministry of Road Transport & Highways,Roads & Highways,657.08,625.76,478.39,96.7,On Track,-4.77,False,False,True,True,
100162,Roads & Highways Project 100162,Ministry of Road Transport & Highways,Roads & Highways,1405.59,1279.52,200.55,18.8,Critical,-8.97,False,False,True,True,land acquisition delays
100163,Roads & Highways Project 100163,Ministry of Road Transport & Highways,Roads & Highways,1802.18,1735.49,1295.06,98.4,On Track,-3.7,False,False,True,True,
100164,Roads & Highways Project 100164,Ministry of Road Transport & Highways,Roads & Highways,303.66,285.67,144.83,70.3,On Track,-5.92,False,False,True,True,
100165,Roads & Highways Project 100165,Ministry of Road Transport & Highways,Roads & Highways,352.42,325.3,56.29,23.6,Critical,-7.7,False,False,True,True,delays in detailed engineering
100166,Roads & Highways Project 100166,Ministry of Road Transport & Highways,Roads & Highways,736.45,658.32,477.28,94.4,On Track,-10.61,False,False,True,True,
100167,Roads & Highways Project 100167,Ministry of Road Transport & Highways,Roads & Highways,1061.97,994.56,48.73,14.6,Critical,-6.35,False,False,True,True,scope changes and structural revisions
100168,Roads & Highways Project 100168,Ministry of Road Transport & Highways,Roads & Highways,663.32,620.21,283.55,59.3,On Track,-6.5,False,False,True,True,
100169,Roads & Highways Project 100169,Ministry of Road Transport & Highways,Roads & Highways,1550.76,1625.54,498.96,41.9,Delayed,4.82,False,False,True,True,land acquisition delays
100170,Roads & Highways Project 100170,Ministry of Road Transport & Highways,Roads & Highways,630.3,613.93,183.45,38.3,Delayed,-2.6,False,False,True,True,delays in detailed engineering
100171,Roads & Highways Project 100171,Ministry of Road Transport & Highways,Roads & Highways,1594.52,1574.37,61.05,9.2,Critical,-1.26,False,False,True,True,delays in detailed engineering
100172,Roads & Highways Project 100172,Ministry of Road Transport & Highways,Roads & Highways,734.48,728.98,140.51,21.8,Critical,-0.75,False,False,True,True,delays in detailed engineering
100173,Roads & Highways Project 100173,Ministry of Road Transport & Highways,Roads & Highways,550.42,557.7,150.83,37.9,Delayed,1.32,False,False,True,True,land acquisition delays
100174,Roads & Highways Project 100174,Ministry of Road Transport & Highways,Roads & Highways,1052.41,1004.57,643.19,68.2,On Track,-4.55,False,False,True,True,
100175,Roads & Highways Project 100175,Ministry of Road Transport & Highways,Roads & Highways,363.28,352.6,177.8,69.2,On Track,-2.94,False,False,True,True,
100176,Roads & Highways Project 100176,Ministry of Road Transport & Highways,Roads & Highways,700.77,620.69,411.14,89.8,On Track,-11.43,False,False,True,True,
100177,Roads & Highways Project 100177,Ministry of Road Transport & Highways,Roads & Highways,618.84,551.54,263.89,60.2,On Track,-10.88,False,False,True,True,
100178,Roads & Highways Project 100178,Ministry of Road Transport & Highways,Roads & Highways,677.45,695.06,174.07,35.1,Delayed,2.6,False,False,True,True,land acquisition delays
100179,Roads & Highways Project 100179,Ministry of Road Transport & Highways,Roads & Highways,240.02,237.14,166.86,93.5,On Track,-1.2,False,False,True,True,
100180,Roads & Highways Project 100180,Ministry of Road Transport & Highways,Roads & Highways,879.3,909.74,252.09,35.0,Delayed,3.46,False,False,True,True,tendering and ordering delays
100181,Roads & Highways Project 100181,Ministry of Road Transport & Highways,Roads & Highways,526.77,532.49,385.91,99.1,Completed,1.09,False,False,True,True,
100182,Roads & Highways Project 100182,Ministry of Road Transport & Highways,Roads & Highways,526.49,516.27,258.85,59.2,On Track,-1.94,False,False,True,True,
100183,Roads & Highways Project 100183,Ministry of Road Transport & Highways,Roads & Highways,305.16,294.69,88.5,34.7,Delayed,-3.43,False,False,True,True,scope changes and structural revisions
100184,Roads & Highways Project 100184,Ministry of Road Transport & Highways,Roads & Highways,510.4,507.47,337.64,79.2,On Track,-0.57,False,False,True,True,
100185,Roads & Highways Project 100185,Ministry of Road Transport & Highways,Roads & Highways,1117.63,1199.79,531.18,63.4,On Track,7.35,False,False,True,True,
100186,Roads & Highways Project 100186,Ministry of Road Transport & Highways,Roads & Highways,374.85,362.95,76.63,29.9,Delayed,-3.17,False,False,True,True,delays in detailed engineering
100187,Roads & Highways Project 100187,Ministry of Road Transport & Highways,Roads & Highways,319.99,343.44,165.84,57.4,On Track,7.33,False,False,True,True,
100188,Roads & Highways Project 100188,Ministry of Road Transport & Highways,Roads & Highways,790.2,662.28,280.53,48.5,Delayed,-16.19,False,False,True,True,land acquisition delays
100189,Roads & Highways Project 100189,Ministry of Road Transport & Highways,Roads & Highways,738.86,732.94,126.41,24.9,Critical,-0.8,False,False,True,True,contractual disputes and arbitration
100190,Roads & Highways Project 100190,Ministry of Road Transport & Highways,Roads & Highways,990.14,949.69,406.27,49.4,Delayed,-4.09,False,False,True,True,law-and-order and local right-of-way issues
100191,Roads & Highways Project 100191,Ministry of Road Transport & Highways,Roads & Highways,205.87,204.22,72.79,47.5,Delayed,-0.8,False,False,True,True,scope changes and structural revisions
100192,Roads & Highways Project 100192,Ministry of Road Transport & Highways,Roads & Highways,1224.46,1280.53,252.4,26.8,Delayed,4.58,False,False,True,True,delays in detailed engineering
100193,Roads & Highways Project 100193,Ministry of Road Transport & Highways,Roads & Highways,770.91,703.84,305.92,61.5,On Track,-8.7,False,False,True,True,
100194,Roads & Highways Project 100194,Ministry of Road Transport & Highways,Roads & Highways,506.99,495.36,290.43,77.9,On Track,-2.29,False,False,True,True,
100195,Roads & Highways Project 100195,Ministry of Road Transport & Highways,Roads & Highways,1141.55,1073.08,848.81,100.0,Completed,-6.0,False,False,True,True,
100196,Roads & Highways Project 100196,Ministry of Road Transport & Highways,Roads & Highways,299.54,303.62,175.93,70.6,On Track,1.36,False,False,True,True,
100197,Roads & Highways Project 100197,Ministry of Road Transport & Highways,Roads & Highways,583.62,577.67,343.58,72.3,On Track,-1.02,False,False,True,True,
100198,Roads & Highways Project 100198,Ministry of Road Transport & Highways,Roads & Highways,2406.78,2544.8,1510.29,74.9,On Track,5.73,False,False,True,True,
100199,Roads & Highways Project 100199,Ministry of Road Transport & Highways,Roads & Highways,372.01,367.46,218.8,78.4,On Track,-1.22,False,False,True,True,
100200,Roads & Highways Project 100200,Ministry of Road Transport & Highways,Roads & Highways,508.88,452.08,207.45,60.0,On Track,-11.16,False,False,True,True,
100201,Roads & Highways Project 100201,Ministry of Road Transport & Highways,Roads & Highways,1110.61,1050.81,442.82,51.0,Delayed,-5.38,True,False,True,True,scope changes and structural revisions
100202,Roads & Highways Project 100202,Ministry of Road Transport & Highways,Roads & Highways,1609.94,1293.46,797.34,91.0,On Track,-19.66,False,False,True,True,
100203,Roads & Highways Project 100203,Ministry of Road Transport & Highways,Roads & Highways,1547.03,1505.74,341.77,31.7,Delayed,-2.67,False,False,True,True,geological surprises
100204,Roads & Highways Project 100204,Ministry of Road Transport & Highways,Roads & Highways,1721.63,1549.11,839.89,69.3,On Track,-10.02,False,False,True,True,
100205,Roads & Highways Project 100205,Ministry of Road Transport & Highways,Roads & Highways,334.32,285.06,83.73,37.5,Delayed,-14.73,False,False,True,True,land acquisition delays
100206,Roads & Highways Project 100206,Ministry of Road Transport & Highways,Roads & Highways,234.06,219.86,162.52,99.2,Completed,-6.07,False,False,True,True,
100207,Roads & Highways Project 100207,Ministry of Road Transport & Highways,Roads & Highways,622.77,599.74,298.42,65.6,On Track,-3.7,False,False,True,True,
100208,Roads & Highways Project 100208,Ministry of Road Transport & Highways,Roads & Highways,608.44,597.72,369.01,76.7,On Track,-1.76,False,False,True,True,
100209,Roads & Highways Project 100209,Ministry of Road Transport & Highways,Roads & Highways,829.77,783.82,322.64,57.9,On Track,-5.54,False,False,True,True,
100210,Roads & Highways Project 100210,Ministry of Road Transport & Highways,Roads & Highways,306.77,306.34,137.96,58.6,On Track,-0.14,False,False,True,True,
100211,Roads & Highways Project 100211,Ministry of Road Transport & Highways,Roads & Highways,525.96,497.64,151.12,39.7,Delayed,-5.38,True,False,True,True,forest/environment clearance delays
100212,Roads & Highways Project 100212,Ministry of Road Transport & Highways,Roads & Highways,1608.34,1627.57,986.51,78.3,On Track,1.2,False,False,True,True,
100213,Roads & Highways Project 100213,Ministry of Road Transport & Highways,Roads & Highways,483.5,488.08,172.19,54.3,Delayed,0.95,False,False,True,True,land acquisition delays
100214,Roads & Highways Project 100214,Ministry of Road Transport & Highways,Roads & Highways,136.87,135.24,71.6,63.9,On Track,-1.19,False,False,True,True,
100215,Roads & Highways Project 100215,Ministry of Road Transport & Highways,Roads & Highways,549.82,567.97,182.02,49.6,Delayed,3.3,False,False,True,True,scope changes and structural revisions
100216,Roads & Highways Project 100216,Ministry of Road Transport & Highways,Roads & Highways,1140.86,1146.22,577.5,62.8,On Track,0.47,False,False,True,True,
100217,Roads & Highways Project 100217,Ministry of Road Transport & Highways,Roads & Highways,1084.92,1029.0,635.04,77.3,On Track,-5.15,False,False,True,True,
100218,Roads & Highways Project 100218,Ministry of Road Transport & Highways,Roads & Highways,607.52,587.25,434.7,97.0,On Track,-3.34,False,False,True,True,
100219,Roads & Highways Project 100219,Ministry of Road Transport & Highways,Roads & Highways,770.45,696.03,533.27,97.8,On Track,-9.66,False,False,True,True,
100220,Roads & Highways Project 100220,Ministry of Road Transport & Highways,Roads & Highways,1443.48,1473.14,463.17,39.8,Delayed,2.05,False,False,True,True,forest/environment clearance delays
100221,Roads & Highways Project 100221,Ministry of Road Transport & Highways,Roads & Highways,789.77,806.33,637.81,98.3,On Track,2.1,False,False,True,True,
100222,Roads & Highways Project 100222,Ministry of Road Transport & Highways,Roads & Highways,619.22,586.62,459.94,99.9,Completed,-5.26,False,False,True,True,
100223,Roads & Highways Project 100223,Ministry of Road Transport & Highways,Roads & Highways,1020.81,981.73,303.67,44.7,Delayed,-3.83,False,False,True,True,land acquisition delays
100224,Roads & Highways Project 100224,Ministry of Road Transport & Highways,Roads & Highways,729.26,720.08,154.86,30.0,Delayed,-1.26,False,False,True,True,geological surprises
100225,Roads & Highways Project 100225,Ministry of Road Transport & Highways,Roads & Highways,441.87,422.64,212.45,48.6,Delayed,-4.35,False,False,True,True,financing tie-up delays
100226,Roads & Highways Project 100226,Ministry of Road Transport & Highways,Roads & Highways,465.25,435.95,211.87,67.8,On Track,-6.3,False,False,True,True,
100227,Roads & Highways Project 100227,Ministry of Road Transport & Highways,Roads & Highways,369.12,365.12,125.3,49.9,Delayed,-1.08,False,False,True,True,law-and-order and local right-of-way issues
100228,Roads & Highways Project 100228,Ministry of Road Transport & Highways,Roads & Highways,1082.15,1136.58,632.99,78.3,On Track,5.03,False,False,True,True,
100229,Roads & Highways Project 100229,Ministry of Road Transport & Highways,Roads & Highways,611.23,554.61,262.02,48.2,Delayed,-9.26,False,False,True,True,contractual disputes and arbitration
100230,Roads & Highways Project 100230,Ministry of Road Transport & Highways,Roads & Highways,221.32,203.52,110.95,65.9,On Track,-8.04,False,False,True,True,
100231,Roads & Highways Project 100231,Ministry of Road Transport & Highways,Roads & Highways,405.47,372.91,167.29,62.7,On Track,-8.03,False,False,True,True,
100232,Roads & Highways Project 100232,Ministry of Road Transport & Highways,Roads & Highways,522.99,505.41,291.77,70.8,On Track,-3.36,False,False,True,True,
100233,Roads & Highways Project 100233,Ministry of Road Transport & Highways,Roads & Highways,560.05,571.98,377.59,85.7,On Track,2.13,False,False,True,True,
100234,Roads & Highways Project 100234,Ministry of Road Transport & Highways,Roads & Highways,486.98,434.43,343.64,99.2,Completed,-10.79,False,False,True,True,
100235,Roads & Highways Project 100235,Ministry of Road Transport & Highways,Roads & Highways,3075.0,3050.94,2328.58,99.0,On Track,-0.78,False,False,True,True,
100236,Roads & Highways Project 100236,Ministry of Road Transport & Highways,Roads & Highways,413.07,396.18,285.58,97.4,On Track,-4.09,False,False,True,True,
100237,Roads & Highways Project 100237,Ministry of Road Transport & Highways,Roads & Highways,716.73,747.27,565.25,95.5,On Track,4.26,False,False,True,True,
100238,Roads & Highways Project 100238,Ministry of Road Transport & Highways,Roads & Highways,871.83,904.97,105.69,10.3,Critical,3.8,False,False,True,True,land acquisition delays
100239,Roads & Highways Project 100239,Ministry of Road Transport & Highways,Roads & Highways,646.11,563.16,146.78,52.0,Delayed,-12.84,False,False,True,True,land acquisition delays
100240,Roads & Highways Project 100240,Ministry of Road Transport & Highways,Roads & Highways,2530.76,2392.59,1083.2,56.2,On Track,-5.46,False,False,True,True,
100241,Roads & Highways Project 100241,Ministry of Road Transport & Highways,Roads & Highways,1168.66,1292.21,207.21,13.7,Critical,10.57,False,False,True,True,land acquisition delays
100242,Roads & Highways Project 100242,Ministry of Road Transport & Highways,Roads & Highways,3953.61,3692.11,2057.35,69.6,On Track,-6.61,False,False,True,True,
100243,Roads & Highways Project 100243,Ministry of Road Transport & Highways,Roads & Highways,538.97,585.49,278.94,61.1,On Track,8.63,False,False,True,True,
100244,Roads & Highways Project 100244,Ministry of Road Transport & Highways,Roads & Highways,1025.29,1022.44,591.5,67.8,On Track,-0.28,False,False,True,True,
100245,Roads & Highways Project 100245,Ministry of Road Transport & Highways,Roads & Highways,748.34,629.45,24.41,12.3,Critical,-15.89,False,False,True,True,land acquisition delays
100246,Roads & Highways Project 100246,Ministry of Road Transport & Highways,Roads & Highways,726.62,689.22,384.92,73.2,On Track,-5.15,False,False,True,True,
100247,Roads & Highways Project 100247,Ministry of Road Transport & Highways,Roads & Highways,195.33,188.63,82.84,52.7,Delayed,-3.43,False,False,True,True,delays in detailed engineering
100248,Roads & Highways Project 100248,Ministry of Road Transport & Highways,Roads & Highways,724.9,715.95,116.81,11.6,Critical,-1.23,False,False,True,True,law-and-order and local right-of-way issues
100249,Roads & Highways Project 100249,Ministry of Road Transport & Highways,Roads & Highways,590.68,592.87,341.76,80.9,On Track,0.37,False,False,True,True,
100250,Roads & Highways Project 100250,Ministry of Road Transport & Highways,Roads & Highways,636.04,616.91,194.56,41.2,Delayed,-3.01,False,False,True,True,scope changes and structural revisions
100251,Roads & Highways Project 100251,Ministry of Road Transport & Highways,Roads & Highways,1241.37,1104.09,776.22,90.9,On Track,-11.06,False,False,True,True,
100252,Roads & Highways Project 100252,Ministry of Road Transport & Highways,Roads & Highways,207.62,211.05,128.28,82.2,On Track,1.65,False,False,True,True,
100253,Roads & Highways Project 100253,Ministry of Road Transport & Highways,Roads & Highways,1088.88,1035.65,601.1,77.0,On Track,-4.89,False,False,True,True,
100254,Roads & Highways Project 100254,Ministry of Road Transport & Highways,Roads & Highways,158.91,150.34,103.12,92.9,On Track,-5.39,False,False,True,True,
100255,Roads & Highways Project 100255,Ministry of Road Transport & Highways,Roads & Highways,492.45,498.07,58.72,8.4,Critical,1.14,False,False,True,True,forest/environment clearance delays
100256,Roads & Highways Project 100256,Ministry of Road Transport & Highways,Roads & Highways,510.45,497.94,162.15,47.7,Delayed,-2.45,False,False,True,True,land acquisition delays
100257,Roads & Highways Project 100257,Ministry of Road Transport & Highways,Roads & Highways,249.85,230.02,131.7,69.4,On Track,-7.94,False,False,True,True,
100258,Roads & Highways Project 100258,Ministry of Road Transport & Highways,Roads & Highways,1264.99,1196.88,877.82,99.5,Completed,-5.38,True,False,True,True,
100259,Roads & Highways Project 100259,Ministry of Road Transport & Highways,Roads & Highways,568.73,558.22,371.04,86.6,On Track,-1.85,False,False,True,True,
100260,Roads & Highways Project 100260,Ministry of Road Transport & Highways,Roads & Highways,342.92,321.16,86.03,37.1,Delayed,-6.35,False,False,True,True,tendering and ordering delays
100261,Roads & Highways Project 100261,Ministry of Road Transport & Highways,Roads & Highways,1085.67,1004.14,41.87,10.7,Critical,-7.51,False,False,True,True,delays in detailed engineering
100262,Roads & Highways Project 100262,Ministry of Road Transport & Highways,Roads & Highways,725.57,704.34,196.14,35.9,Delayed,-2.93,False,False,True,True,geological surprises
100263,Roads & Highways Project 100263,Ministry of Road Transport & Highways,Roads & Highways,470.65,480.02,301.15,73.5,On Track,1.99,False,False,True,True,
100264,Roads & Highways Project 100264,Ministry of Road Transport & Highways,Roads & Highways,1063.95,1053.92,439.89,48.4,Delayed,-0.94,False,False,True,True,forest/environment clearance delays
100265,Roads & Highways Project 100265,Ministry of Road Transport & Highways,Roads & Highways,502.35,539.18,339.47,77.9,On Track,7.33,False,False,True,True,
100266,Roads & Highways Project 100266,Ministry of Road Transport & Highways,Roads & Highways,244.16,235.42,186.22,98.6,On Track,-3.58,False,False,True,True,
100267,Roads & Highways Project 100267,Ministry of Road Transport & Highways,Roads & Highways,522.15,543.88,246.82,63.7,On Track,4.16,False,False,True,True,
100268,Roads & Highways Project 100268,Ministry of Road Transport & Highways,Roads & Highways,258.78,261.71,135.45,69.7,On Track,1.13,False,False,True,True,
100269,Roads & Highways Project 100269,Ministry of Road Transport & Highways,Roads & Highways,606.39,661.66,351.3,66.1,Delayed,9.11,False,False,True,True,land acquisition delays
100270,Roads & Highways Project 100270,Ministry of Road Transport & Highways,Roads & Highways,189.76,194.33,123.29,75.0,On Track,2.41,False,False,True,True,
100271,Roads & Highways Project 100271,Ministry of Road Transport & Highways,Roads & Highways,402.72,397.84,22.73,6.3,Critical,-1.21,False,False,True,True,contractual disputes and arbitration
100272,Roads & Highways Project 100272,Ministry of Road Transport & Highways,Roads & Highways,951.53,885.03,611.45,87.1,On Track,-6.99,False,False,True,True,
100273,Roads & Highways Project 100273,Ministry of Road Transport & Highways,Roads & Highways,1001.64,1034.58,548.92,65.6,On Track,3.29,False,False,True,True,
100274,Roads & Highways Project 100274,Ministry of Road Transport & Highways,Roads & Highways,1180.51,1044.91,826.52,95.5,On Track,-11.49,False,False,True,True,
100275,Roads & Highways Project 100275,Ministry of Road Transport & Highways,Roads & Highways,701.45,693.08,179.8,43.5,Delayed,-1.19,False,False,True,True,financing tie-up delays
100276,Roads & Highways Project 100276,Ministry of Road Transport & Highways,Roads & Highways,501.86,478.86,93.29,29.2,Delayed,-4.58,False,False,True,True,delays in detailed engineering
100277,Roads & Highways Project 100277,Ministry of Road Transport & Highways,Roads & Highways,2017.33,1994.01,485.1,30.8,Delayed,-1.16,False,False,True,True,geological surprises
100278,Roads & Highways Project 100278,Ministry of Road Transport & Highways,Roads & Highways,716.27,699.6,432.01,76.1,On Track,-2.33,False,False,True,True,
100279,Roads & Highways Project 100279,Ministry of Road Transport & Highways,Roads & Highways,701.42,646.29,329.22,51.3,Delayed,-7.86,False,False,True,True,land acquisition delays
100280,Roads & Highways Project 100280,Ministry of Road Transport & Highways,Roads & Highways,216.3,227.0,94.85,51.2,Delayed,4.95,False,False,True,True,forest/environment clearance delays
100281,Roads & Highways Project 100281,Ministry of Road Transport & Highways,Roads & Highways,471.16,450.76,356.55,98.3,On Track,-4.33,False,False,True,True,
100282,Roads & Highways Project 100282,Ministry of Road Transport & Highways,Roads & Highways,1888.68,1794.38,1419.35,99.5,Completed,-4.99,False,False,True,True,
100283,Roads & Highways Project 100283,Ministry of Road Transport & Highways,Roads & Highways,643.04,664.23,301.29,69.9,On Track,3.3,False,False,True,True,
100284,Roads & Highways Project 100284,Ministry of Road Transport & Highways,Roads & Highways,323.3,296.75,83.95,34.1,Delayed,-8.21,False,False,True,True,tendering and ordering delays
100285,Roads & Highways Project 100285,Ministry of Road Transport & Highways,Roads & Highways,1296.51,1184.1,708.3,75.3,On Track,-8.67,False,False,True,True,
100286,Roads & Highways Project 100286,Ministry of Road Transport & Highways,Roads & Highways,689.91,652.77,298.52,58.0,On Track,-5.38,True,False,True,True,
100287,Roads & Highways Project 100287,Ministry of Road Transport & Highways,Roads & Highways,1459.49,1335.11,678.86,71.0,On Track,-8.52,False,False,True,True,
100288,Roads & Highways Project 100288,Ministry of Road Transport & Highways,Roads & Highways,665.17,719.01,67.87,14.6,Critical,8.09,False,False,True,True,contractual disputes and arbitration
100289,Roads & Highways Project 100289,Ministry of Road Transport & Highways,Roads & Highways,637.41,711.34,361.14,58.5,Delayed,11.6,False,False,True,True,land acquisition delays
100290,Roads & Highways Project 100290,Ministry of Road Transport & Highways,Roads & Highways,547.21,529.13,207.99,44.2,Delayed,-3.3,False,False,True,True,forest/environment clearance delays
100291,Roads & Highways Project 100291,Ministry of Road Transport & Highways,Roads & Highways,1124.89,1119.55,769.34,91.9,On Track,-0.47,False,False,True,True,
100292,Roads & Highways Project 100292,Ministry of Road Transport & Highways,Roads & Highways,473.02,412.96,165.58,52.7,Delayed,-12.7,False,False,True,True,land acquisition delays
100293,Roads & Highways Project 100293,Ministry of Road Transport & Highways,Roads & Highways,4116.8,4149.7,1480.63,39.6,Delayed,0.8,False,False,True,True,land acquisition delays
100294,Roads & Highways Project 100294,Ministry of Road Transport & Highways,Roads & Highways,789.7,771.57,127.76,24.5,Critical,-2.3,False,False,True,True,forest/environment clearance delays
100295,Roads & Highways Project 100295,Ministry of Road Transport & Highways,Roads & Highways,1152.16,1161.66,575.52,69.8,On Track,0.82,False,False,True,True,
100296,Roads & Highways Project 100296,Ministry of Road Transport & Highways,Roads & Highways,425.88,418.47,143.77,46.8,Delayed,-1.74,False,False,True,True,financing tie-up delays
100297,Roads & Highways Project 100297,Ministry of Road Transport & Highways,Roads & Highways,746.16,705.9,511.77,99.7,Completed,-5.4,False,False,True,True,
100298,Roads & Highways Project 100298,Ministry of Road Transport & Highways,Roads & Highways,747.11,724.58,293.52,46.4,Delayed,-3.02,False,False,True,True,contractual disputes and arbitration
100299,Roads & Highways Project 100299,Ministry of Road Transport & Highways,Roads & Highways,1023.39,993.02,479.91,58.8,On Track,-2.97,False,False,True,True,
100300,Roads & Highways Project 100300,Ministry of Road Transport & Highways,Roads & Highways,1195.03,1121.78,362.39,33.1,Delayed,-6.13,False,False,True,True,scope changes and structural revisions
100301,Roads & Highways Project 100301,Ministry of Road Transport & Highways,Roads & Highways,869.97,808.88,413.68,62.2,On Track,-7.02,False,False,True,True,
100302,Roads & Highways Project 100302,Ministry of Road Transport & Highways,Roads & Highways,446.32,513.32,19.91,14.9,Critical,15.01,False,False,True,True,forest/environment clearance delays
100303,Roads & Highways Project 100303,Ministry of Road Transport & Highways,Roads & Highways,369.59,349.69,57.89,19.5,Critical,-5.38,True,False,True,True,forest/environment clearance delays
100304,Roads & Highways Project 100304,Ministry of Road Transport & Highways,Roads & Highways,1211.12,1261.02,526.63,58.8,On Track,4.12,False,False,True,True,
100305,Roads & Highways Project 100305,Ministry of Road Transport & Highways,Roads & Highways,976.82,948.59,436.18,58.8,On Track,-2.89,False,False,True,True,
100306,Roads & Highways Project 100306,Ministry of Road Transport & Highways,Roads & Highways,423.87,433.33,154.66,39.2,Delayed,2.23,False,False,True,True,financing tie-up delays
100307,Roads & Highways Project 100307,Ministry of Road Transport & Highways,Roads & Highways,340.64,343.13,271.41,100.0,Completed,0.73,False,False,True,True,
100308,Roads & Highways Project 100308,Ministry of Road Transport & Highways,Roads & Highways,382.75,393.56,235.18,72.3,On Track,2.82,False,False,True,True,
100309,Roads & Highways Project 100309,Ministry of Road Transport & Highways,Roads & Highways,889.08,799.97,54.17,25.2,Delayed,-10.02,False,False,True,True,delays in detailed engineering
100310,Roads & Highways Project 100310,Ministry of Road Transport & Highways,Roads & Highways,1871.15,1784.43,1080.45,76.7,On Track,-4.63,False,False,True,True,
100311,Roads & Highways Project 100311,Ministry of Road Transport & Highways,Roads & Highways,2101.23,2102.1,742.7,60.7,On Track,0.04,False,False,True,True,
100312,Roads & Highways Project 100312,Ministry of Road Transport & Highways,Roads & Highways,186.22,171.06,41.18,29.2,Delayed,-8.14,False,False,True,True,land acquisition delays
100313,Roads & Highways Project 100313,Ministry of Road Transport & Highways,Roads & Highways,756.47,669.93,230.94,44.6,Delayed,-11.44,False,False,True,True,tendering and ordering delays
100314,Roads & Highways Project 100314,Ministry of Road Transport & Highways,Roads & Highways,802.46,798.03,198.13,32.6,Delayed,-0.55,False,False,True,True,land acquisition delays
100315,Roads & Highways Project 100315,Ministry of Road Transport & Highways,Roads & Highways,653.99,648.21,146.04,25.2,Delayed,-0.88,False,False,True,True,land acquisition delays
100316,Roads & Highways Project 100316,Ministry of Road Transport & Highways,Roads & Highways,714.7,794.84,628.72,100.0,Completed,11.21,False,False,True,True,
100317,Roads & Highways Project 100317,Ministry of Road Transport & Highways,Roads & Highways,2665.73,2368.67,831.32,31.1,Delayed,-11.14,False,False,True,True,contractual disputes and arbitration
100318,Roads & Highways Project 100318,Ministry of Road Transport & Highways,Roads & Highways,564.81,555.3,113.08,29.4,Delayed,-1.68,False,False,True,True,scope changes and structural revisions
100319,Roads & Highways Project 100319,Ministry of Road Transport & Highways,Roads & Highways,334.87,316.84,91.19,42.2,Delayed,-5.38,True,False,True,True,delays in detailed engineering
100320,Roads & Highways Project 100320,Ministry of Road Transport & Highways,Roads & Highways,696.0,702.2,264.09,53.5,Delayed,0.89,False,False,True,True,contractual disputes and arbitration
100321,Roads & Highways Project 100321,Ministry of Road Transport & Highways,Roads & Highways,1684.22,1633.15,767.68,55.3,On Track,-3.03,False,False,True,True,
100322,Roads & Highways Project 100322,Ministry of Road Transport & Highways,Roads & Highways,1873.5,1935.27,687.84,48.7,Delayed,3.3,False,False,True,True,land acquisition delays
100323,Roads & Highways Project 100323,Ministry of Road Transport & Highways,Roads & Highways,604.86,631.06,434.48,86.2,On Track,4.33,False,False,True,True,
100324,Roads & Highways Project 100324,Ministry of Road Transport & Highways,Roads & Highways,2864.4,2659.44,955.88,46.4,Delayed,-7.16,False,False,True,True,financing tie-up delays
100325,Roads & Highways Project 100325,Ministry of Road Transport & Highways,Roads & Highways,327.68,339.46,102.08,45.8,Delayed,3.59,False,False,True,True,geological surprises
100326,Roads & Highways Project 100326,Ministry of Road Transport & Highways,Roads & Highways,820.9,846.73,453.52,61.1,On Track,3.15,False,False,True,True,
100327,Roads & Highways Project 100327,Ministry of Road Transport & Highways,Roads & Highways,484.7,528.68,418.18,99.0,Completed,9.07,False,False,True,True,
100328,Roads & Highways Project 100328,Ministry of Road Transport & Highways,Roads & Highways,809.1,730.61,222.59,34.8,Delayed,-9.7,False,False,True,True,land acquisition delays
100329,Roads & Highways Project 100329,Ministry of Road Transport & Highways,Roads & Highways,672.27,624.98,257.37,49.8,Delayed,-7.03,False,False,True,True,delays in detailed engineering
100330,Roads & Highways Project 100330,Ministry of Road Transport & Highways,Roads & Highways,971.29,908.37,718.52,97.9,On Track,-6.48,False,False,True,True,
100331,Roads & Highways Project 100331,Ministry of Road Transport & Highways,Roads & Highways,1484.67,1494.98,776.6,69.4,On Track,0.69,False,False,True,True,
100332,Roads & Highways Project 100332,Ministry of Road Transport & Highways,Roads & Highways,946.02,968.6,553.86,74.5,On Track,2.39,False,False,True,True,
100333,Roads & Highways Project 100333,Ministry of Road Transport & Highways,Roads & Highways,500.15,466.31,251.59,66.2,On Track,-6.77,False,False,True,True,
100334,Roads & Highways Project 100334,Ministry of Road Transport & Highways,Roads & Highways,1152.92,1083.54,539.86,60.1,On Track,-6.02,False,False,True,True,
100335,Roads & Highways Project 100335,Ministry of Road Transport & Highways,Roads & Highways,1401.19,1371.3,946.71,98.0,On Track,-2.13,False,False,True,True,
100336,Roads & Highways Project 100336,Ministry of Road Transport & Highways,Roads & Highways,467.51,442.33,122.63,44.3,Delayed,-5.39,True,False,True,True,land acquisition delays
100337,Roads & Highways Project 100337,Ministry of Road Transport & Highways,Roads & Highways,785.5,714.34,393.56,74.5,On Track,-9.06,False,False,True,True,
100338,Roads & Highways Project 100338,Ministry of Road Transport & Highways,Roads & Highways,1582.12,1517.33,1161.37,98.5,On Track,-4.1,False,False,True,True,
100339,Roads & Highways Project 100339,Ministry of Road Transport & Highways,Roads & Highways,713.56,725.27,536.55,89.4,On Track,1.64,False,False,True,True,
100340,Roads & Highways Project 100340,Ministry of Road Transport & Highways,Roads & Highways,1877.67,1842.52,477.08,29.7,Delayed,-1.87,False,False,True,True,land acquisition delays
100341,Roads & Highways Project 100341,Ministry of Road Transport & Highways,Roads & Highways,554.73,589.2,299.16,60.0,On Track,6.21,False,False,True,True,
100342,Roads & Highways Project 100342,Ministry of Road Transport & Highways,Roads & Highways,351.33,365.25,124.32,52.0,Delayed,3.96,False,False,True,True,scope changes and structural revisions
100343,Roads & Highways Project 100343,Ministry of Road Transport & Highways,Roads & Highways,838.01,872.94,308.97,35.8,Delayed,4.17,False,False,True,True,forest/environment clearance delays
100344,Roads & Highways Project 100344,Ministry of Road Transport & Highways,Roads & Highways,596.41,585.99,441.17,99.0,On Track,-1.75,False,False,True,True,
100345,Roads & Highways Project 100345,Ministry of Road Transport & Highways,Roads & Highways,436.26,452.76,271.27,89.9,On Track,3.78,False,False,True,True,
100346,Roads & Highways Project 100346,Ministry of Road Transport & Highways,Roads & Highways,451.31,430.43,129.09,46.8,Delayed,-4.63,False,False,True,True,forest/environment clearance delays
100347,Roads & Highways Project 100347,Ministry of Road Transport & Highways,Roads & Highways,570.36,523.61,218.27,51.1,Delayed,-8.2,False,False,True,True,financing tie-up delays
100348,Roads & Highways Project 100348,Ministry of Road Transport & Highways,Roads & Highways,557.43,549.1,237.9,61.9,On Track,-1.49,False,False,True,True,
100349,Roads & Highways Project 100349,Ministry of Road Transport & Highways,Roads & Highways,556.53,527.42,417.19,98.3,On Track,-5.23,False,False,True,True,
100350,Roads & Highways Project 100350,Ministry of Road Transport & Highways,Roads & Highways,1228.17,1087.23,370.23,43.5,Delayed,-11.48,False,False,True,True,scope changes and structural revisions
100351,Roads & Highways Project 100351,Ministry of Road Transport & Highways,Roads & Highways,626.67,612.58,441.86,99.5,Completed,-2.25,False,False,True,True,
100352,Roads & Highways Project 100352,Ministry of Road Transport & Highways,Roads & Highways,257.76,246.59,180.8,93.5,On Track,-4.33,False,False,True,True,
100353,Roads & Highways Project 100353,Ministry of Road Transport & Highways,Roads & Highways,1054.47,974.72,557.38,77.5,On Track,-7.56,False,False,True,True,
100354,Roads & Highways Project 100354,Ministry of Road Transport & Highways,Roads & Highways,528.15,485.14,368.31,97.7,On Track,-8.14,False,False,True,True,
100355,Roads & Highways Project 100355,Ministry of Road Transport & Highways,Roads & Highways,617.82,613.89,485.59,98.4,On Track,-0.64,False,False,True,True,
100356,Roads & Highways Project 100356,Ministry of Road Transport & Highways,Roads & Highways,619.4,570.87,439.55,99.4,Completed,-7.84,False,False,True,True,
100357,Roads & Highways Project 100357,Ministry of Road Transport & Highways,Roads & Highways,536.38,476.57,208.87,52.9,Delayed,-11.15,False,False,True,True,financing tie-up delays
100358,Roads & Highways Project 100358,Ministry of Road Transport & Highways,Roads & Highways,627.1,546.16,288.61,75.6,On Track,-12.91,False,False,True,True,
100359,Roads & Highways Project 100359,Ministry of Road Transport & Highways,Roads & Highways,1177.95,1261.94,835.98,92.1,On Track,7.13,False,False,True,True,
100360,Roads & Highways Project 100360,Ministry of Road Transport & Highways,Roads & Highways,774.98,761.78,311.51,58.6,On Track,-1.7,False,False,True,True,
100361,Roads & Highways Project 100361,Ministry of Road Transport & Highways,Roads & Highways,4626.89,4616.42,1753.4,51.0,Delayed,-0.23,False,False,True,True,delays in detailed engineering
100362,Roads & Highways Project 100362,Ministry of Road Transport & Highways,Roads & Highways,323.35,325.39,74.9,29.3,Delayed,0.63,False,False,True,True,forest/environment clearance delays
100363,Roads & Highways Project 100363,Ministry of Road Transport & Highways,Roads & Highways,1524.09,1459.71,934.81,70.9,On Track,-4.22,False,False,True,True,
100364,Roads & Highways Project 100364,Ministry of Road Transport & Highways,Roads & Highways,1186.83,1257.35,547.04,64.6,On Track,5.94,False,False,True,True,
100365,Roads & Highways Project 100365,Ministry of Road Transport & Highways,Roads & Highways,315.91,283.7,192.71,96.9,On Track,-10.2,False,False,True,True,
100366,Roads & Highways Project 100366,Ministry of Road Transport & Highways,Roads & Highways,609.82,633.38,410.29,83.4,On Track,3.86,False,False,True,True,
100367,Roads & Highways Project 100367,Ministry of Road Transport & Highways,Roads & Highways,536.97,551.43,248.26,57.5,On Track,2.69,False,False,True,True,
100368,Roads & Highways Project 100368,Ministry of Road Transport & Highways,Roads & Highways,636.53,577.72,159.95,29.2,Delayed,-9.24,False,False,True,True,delays in detailed engineering
100369,Roads & Highways Project 100369,Ministry of Road Transport & Highways,Roads & Highways,1093.13,1052.25,538.12,63.3,On Track,-3.74,False,False,True,True,
100370,Roads & Highways Project 100370,Ministry of Road Transport & Highways,Roads & Highways,1058.99,971.71,141.59,16.6,Critical,-8.24,False,False,True,True,forest/environment clearance delays
100371,Roads & Highways Project 100371,Ministry of Road Transport & Highways,Roads & Highways,992.72,965.94,450.32,65.6,On Track,-2.7,False,False,True,True,
100372,Roads & Highways Project 100372,Ministry of Road Transport & Highways,Roads & Highways,2058.19,2054.64,216.89,11.5,Critical,-0.17,False,False,True,True,forest/environment clearance delays
100373,Roads & Highways Project 100373,Ministry of Road Transport & Highways,Roads & Highways,311.69,320.93,170.33,66.0,On Track,2.96,False,False,True,True,
100374,Roads & Highways Project 100374,Ministry of Road Transport & Highways,Roads & Highways,624.59,586.85,408.57,100.0,Completed,-6.04,False,False,True,True,
100375,Roads & Highways Project 100375,Ministry of Road Transport & Highways,Roads & Highways,1356.55,1305.12,710.18,77.7,On Track,-3.79,False,False,True,True,
100376,Roads & Highways Project 100376,Ministry of Road Transport & Highways,Roads & Highways,665.03,701.5,345.55,58.8,On Track,5.48,False,False,True,True,
100377,Roads & Highways Project 100377,Ministry of Road Transport & Highways,Roads & Highways,940.46,914.43,150.21,17.3,Critical,-2.77,False,False,True,True,land acquisition delays
100378,Roads & Highways Project 100378,Ministry of Road Transport & Highways,Roads & Highways,781.52,760.37,456.05,77.6,On Track,-2.71,False,False,True,True,
100379,Roads & Highways Project 100379,Ministry of Road Transport & Highways,Roads & Highways,1782.92,1923.19,998.33,58.6,On Track,7.87,False,False,True,True,
100380,Roads & Highways Project 100380,Ministry of Road Transport & Highways,Roads & Highways,1393.55,1551.98,1198.17,99.8,Completed,11.37,False,False,True,True,
100381,Roads & Highways Project 100381,Ministry of Road Transport & Highways,Roads & Highways,1129.54,1068.73,438.22,45.7,Delayed,-5.38,True,False,True,True,land acquisition delays
100382,Roads & Highways Project 100382,Ministry of Road Transport & Highways,Roads & Highways,931.3,895.31,200.0,28.5,Delayed,-3.86,False,False,True,True,scope changes and structural revisions
100383,Roads & Highways Project 100383,Ministry of Road Transport & Highways,Roads & Highways,1648.73,1668.92,945.36,74.6,On Track,1.22,False,False,True,True,
100384,Roads & Highways Project 100384,Ministry of Road Transport & Highways,Roads & Highways,1770.28,1752.42,253.11,27.5,Delayed,-1.01,False,False,True,True,financing tie-up delays
100385,Roads & Highways Project 100385,Ministry of Road Transport & Highways,Roads & Highways,575.23,606.32,303.21,62.4,On Track,5.4,False,False,True,True,
100386,Roads & Highways Project 100386,Ministry of Road Transport & Highways,Roads & Highways,638.36,692.73,479.94,98.8,On Track,8.52,False,False,True,True,
100387,Roads & Highways Project 100387,Ministry of Road Transport & Highways,Roads & Highways,747.29,682.99,217.79,49.3,Delayed,-8.6,False,False,True,True,land acquisition delays
100388,Roads & Highways Project 100388,Ministry of Road Transport & Highways,Roads & Highways,375.99,380.16,122.19,47.7,Delayed,1.11,False,False,True,True,contractual disputes and arbitration
100389,Roads & Highways Project 100389,Ministry of Road Transport & Highways,Roads & Highways,337.64,337.88,249.61,100.0,Completed,0.07,False,False,True,True,
100390,Roads & Highways Project 100390,Ministry of Road Transport & Highways,Roads & Highways,471.41,455.87,194.09,51.8,Delayed,-3.3,False,False,True,True,land acquisition delays
100391,Roads & Highways Project 100391,Ministry of Road Transport & Highways,Roads & Highways,661.28,668.1,482.12,98.2,On Track,1.03,False,False,True,True,
100392,Roads & Highways Project 100392,Ministry of Road Transport & Highways,Roads & Highways,1224.39,1226.46,458.22,48.8,Delayed,0.17,False,False,True,True,financing tie-up delays
100393,Roads & Highways Project 100393,Ministry of Road Transport & Highways,Roads & Highways,861.56,872.19,328.62,48.2,Delayed,1.23,False,False,True,True,financing tie-up delays
100394,Roads & Highways Project 100394,Ministry of Road Transport & Highways,Roads & Highways,540.79,575.46,360.51,64.0,On Track,6.41,False,False,True,True,
100395,Roads & Highways Project 100395,Ministry of Road Transport & Highways,Roads & Highways,585.17,516.01,213.23,48.7,Delayed,-11.82,False,False,True,True,contractual disputes and arbitration
100396,Roads & Highways Project 100396,Ministry of Road Transport & Highways,Roads & Highways,537.74,519.0,299.24,70.8,On Track,-3.48,False,False,True,True,
100397,Roads & Highways Project 100397,Ministry of Road Transport & Highways,Roads & Highways,711.92,742.42,305.24,50.5,Delayed,4.28,False,False,True,True,contractual disputes and arbitration
100398,Roads & Highways Project 100398,Ministry of Road Transport & Highways,Roads & Highways,1508.78,1393.02,941.59,92.8,On Track,-7.67,False,False,True,True,
100399,Roads & Highways Project 100399,Ministry of Road Transport & Highways,Roads & Highways,1787.98,1931.08,511.66,24.9,Critical,8.0,False,False,True,True,tendering and ordering delays
100400,Roads & Highways Project 100400,Ministry of Road Transport & Highways,Roads & Highways,1187.59,1060.01,669.47,83.4,On Track,-10.74,False,False,True,True,
100401,Roads & Highways Project 100401,Ministry of Road Transport & Highways,Roads & Highways,456.49,440.02,291.72,83.1,On Track,-3.61,False,False,True,True,
100402,Roads & Highways Project 100402,Ministry of Road Transport & Highways,Roads & Highways,883.73,847.61,406.81,60.8,On Track,-4.09,False,False,True,True,
100403,Roads & Highways Project 100403,Ministry of Road Transport & Highways,Roads & Highways,2047.71,1964.54,1240.29,76.3,On Track,-4.06,False,False,True,True,
100404,Roads & Highways Project 100404,Ministry of Road Transport & Highways,Roads & Highways,862.99,854.18,286.87,41.6,Delayed,-1.02,False,False,True,True,scope changes and structural revisions
100405,Roads & Highways Project 100405,Ministry of Road Transport & Highways,Roads & Highways,678.93,650.64,56.73,25.2,Delayed,-4.17,False,False,True,True,contractual disputes and arbitration
100406,Roads & Highways Project 100406,Ministry of Road Transport & Highways,Roads & Highways,4406.9,4519.8,2666.88,87.3,On Track,2.56,False,False,True,True,
100407,Roads & Highways Project 100407,Ministry of Road Transport & Highways,Roads & Highways,351.88,343.79,241.89,97.3,On Track,-2.3,False,False,True,True,
100408,Roads & Highways Project 100408,Ministry of Road Transport & Highways,Roads & Highways,974.12,1043.21,604.81,82.4,On Track,7.09,False,False,True,True,
100409,Roads & Highways Project 100409,Ministry of Road Transport & Highways,Roads & Highways,964.29,880.08,651.55,100.0,Completed,-8.73,False,False,True,True,
100410,Roads & Highways Project 100410,Ministry of Road Transport & Highways,Roads & Highways,770.27,709.21,388.68,77.0,On Track,-7.93,False,False,True,True,
100411,Roads & Highways Project 100411,Ministry of Road Transport & Highways,Roads & Highways,1116.69,989.04,782.33,97.4,On Track,-11.43,False,False,True,True,
100412,Roads & Highways Project 100412,Ministry of Road Transport & Highways,Roads & Highways,263.38,241.5,9.36,8.0,Critical,-8.31,False,False,True,True,land acquisition delays
100413,Roads & Highways Project 100413,Ministry of Road Transport & Highways,Roads & Highways,604.63,568.03,301.89,68.5,On Track,-6.05,False,False,True,True,
100414,Roads & Highways Project 100414,Ministry of Road Transport & Highways,Roads & Highways,1323.03,1351.19,603.38,51.0,Delayed,2.13,False,False,True,True,contractual disputes and arbitration
100415,Roads & Highways Project 100415,Ministry of Road Transport & Highways,Roads & Highways,850.54,888.42,390.46,55.5,On Track,4.45,False,False,True,True,
100416,Roads & Highways Project 100416,Ministry of Road Transport & Highways,Roads & Highways,1172.87,1227.61,847.53,74.7,On Track,4.67,False,False,True,True,
100417,Roads & Highways Project 100417,Ministry of Road Transport & Highways,Roads & Highways,711.39,678.16,405.63,82.1,On Track,-4.67,False,False,True,True,
100418,Roads & Highways Project 100418,Ministry of Road Transport & Highways,Roads & Highways,1739.65,1831.02,875.2,65.3,On Track,5.25,False,False,True,True,
100419,Roads & Highways Project 100419,Ministry of Road Transport & Highways,Roads & Highways,379.06,336.48,186.06,72.8,On Track,-11.23,False,False,True,True,
100420,Roads & Highways Project 100420,Ministry of Road Transport & Highways,Roads & Highways,1204.79,1139.92,648.16,80.1,On Track,-5.38,True,False,True,True,
100421,Roads & Highways Project 100421,Ministry of Road Transport & Highways,Roads & Highways,988.52,1032.37,816.6,98.3,On Track,4.44,False,False,True,True,
100422,Roads & Highways Project 100422,Ministry of Road Transport & Highways,Roads & Highways,633.04,594.77,247.95,55.6,On Track,-6.05,False,False,True,True,
100423,Roads & Highways Project 100423,Ministry of Road Transport & Highways,Roads & Highways,603.97,605.84,326.27,68.4,On Track,0.31,False,False,True,True,
100424,Roads & Highways Project 100424,Ministry of Road Transport & Highways,Roads & Highways,690.05,732.89,215.72,47.2,Delayed,6.21,False,False,True,True,forest/environment clearance delays
100425,Roads & Highways Project 100425,Ministry of Road Transport & Highways,Roads & Highways,396.69,372.85,236.81,78.3,On Track,-6.01,False,False,True,True,
100426,Roads & Highways Project 100426,Ministry of Road Transport & Highways,Roads & Highways,463.72,457.05,320.08,99.0,On Track,-1.44,False,False,True,True,
100427,Roads & Highways Project 100427,Ministry of Road Transport & Highways,Roads & Highways,397.24,384.51,141.66,45.1,Delayed,-3.2,False,False,True,True,contractual disputes and arbitration
100428,Roads & Highways Project 100428,Ministry of Road Transport & Highways,Roads & Highways,1077.19,1074.78,850.16,99.2,Completed,-0.22,False,False,True,True,
100429,Roads & Highways Project 100429,Ministry of Road Transport & Highways,Roads & Highways,486.09,457.29,223.52,64.3,On Track,-5.92,False,False,True,True,
100430,Roads & Highways Project 100430,Ministry of Road Transport & Highways,Roads & Highways,670.48,648.58,454.79,93.5,On Track,-3.27,False,False,True,True,
100431,Roads & Highways Project 100431,Ministry of Road Transport & Highways,Roads & Highways,1525.75,1564.33,578.91,50.4,Delayed,2.53,False,False,True,True,delays in detailed engineering
100432,Roads & Highways Project 100432,Ministry of Road Transport & Highways,Roads & Highways,3261.69,3196.23,1947.15,75.9,On Track,-2.01,False,False,True,True,
100433,Roads & Highways Project 100433,Ministry of Road Transport & Highways,Roads & Highways,643.85,649.32,513.61,100.0,Completed,0.85,False,False,True,True,
100434,Roads & Highways Project 100434,Ministry of Road Transport & Highways,Roads & Highways,757.21,763.38,402.14,62.1,On Track,0.81,False,False,True,True,
100435,Roads & Highways Project 100435,Ministry of Road Transport & Highways,Roads & Highways,469.24,438.64,333.95,100.0,Completed,-6.52,False,False,True,True,
100436,Roads & Highways Project 100436,Ministry of Road Transport & Highways,Roads & Highways,646.29,595.2,467.16,100.0,Completed,-7.91,False,False,True,True,
100437,Roads & Highways Project 100437,Ministry of Road Transport & Highways,Roads & Highways,385.41,383.01,271.79,90.9,On Track,-0.62,False,False,True,True,
100438,Roads & Highways Project 100438,Ministry of Road Transport & Highways,Roads & Highways,2715.21,2633.31,801.73,42.6,Delayed,-3.02,False,False,True,True,financing tie-up delays
100439,Roads & Highways Project 100439,Ministry of Road Transport & Highways,Roads & Highways,1772.38,1676.95,324.45,23.1,Critical,-5.38,True,False,True,True,scope changes and structural revisions
100440,Roads & Highways Project 100440,Ministry of Road Transport & Highways,Roads & Highways,381.64,370.61,188.6,70.1,On Track,-2.89,False,False,True,True,
100441,Roads & Highways Project 100441,Ministry of Road Transport & Highways,Roads & Highways,370.24,350.31,277.09,97.6,On Track,-5.38,True,False,True,True,
100442,Roads & Highways Project 100442,Ministry of Road Transport & Highways,Roads & Highways,728.83,727.56,527.86,99.6,Completed,-0.17,False,False,True,True,
100443,Roads & Highways Project 100443,Ministry of Road Transport & Highways,Roads & Highways,1703.85,1582.14,289.07,20.3,Critical,-7.14,False,False,True,True,law-and-order and local right-of-way issues
100444,Roads & Highways Project 100444,Ministry of Road Transport & Highways,Roads & Highways,1832.55,1762.59,1068.51,74.8,On Track,-3.82,False,False,True,True,
100445,Roads & Highways Project 100445,Ministry of Road Transport & Highways,Roads & Highways,681.13,660.44,258.25,47.2,Delayed,-3.04,False,False,True,True,financing tie-up delays
100446,Roads & Highways Project 100446,Ministry of Road Transport & Highways,Roads & Highways,342.11,320.65,233.59,99.7,Completed,-6.27,False,False,True,True,
100447,Roads & Highways Project 100447,Ministry of Road Transport & Highways,Roads & Highways,1854.36,1940.07,845.57,61.3,On Track,4.62,False,False,True,True,
100448,Roads & Highways Project 100448,Ministry of Road Transport & Highways,Roads & Highways,375.65,350.76,261.49,98.7,On Track,-6.63,False,False,True,True,
100449,Roads & Highways Project 100449,Ministry of Road Transport & Highways,Roads & Highways,1016.18,886.29,373.48,52.6,Delayed,-12.78,False,False,True,True,law-and-order and local right-of-way issues
100450,Roads & Highways Project 100450,Ministry of Road Transport & Highways,Roads & Highways,548.31,562.4,148.57,41.7,Delayed,2.57,False,False,True,True,financing tie-up delays
100451,Roads & Highways Project 100451,Ministry of Road Transport & Highways,Roads & Highways,959.81,1037.68,506.23,54.5,Delayed,8.11,False,False,True,True,scope changes and structural revisions
100452,Roads & Highways Project 100452,Ministry of Road Transport & Highways,Roads & Highways,1247.45,1185.2,766.03,86.0,On Track,-4.99,False,False,True,True,
100453,Roads & Highways Project 100453,Ministry of Road Transport & Highways,Roads & Highways,267.0,247.59,118.35,62.8,On Track,-7.27,False,False,True,True,
100454,Roads & Highways Project 100454,Ministry of Road Transport & Highways,Roads & Highways,556.72,578.24,214.04,45.7,Delayed,3.87,False,False,True,True,delays in detailed engineering
100455,Roads & Highways Project 100455,Ministry of Road Transport & Highways,Roads & Highways,918.13,898.47,415.35,62.9,On Track,-2.14,False,False,True,True,
100456,Roads & Highways Project 100456,Ministry of Road Transport & Highways,Roads & Highways,401.12,460.52,364.27,100.0,Completed,14.81,False,False,True,True,
100457,Roads & Highways Project 100457,Ministry of Road Transport & Highways,Roads & Highways,1074.62,941.24,152.93,20.0,Critical,-12.41,False,False,True,True,forest/environment clearance delays
100458,Roads & Highways Project 100458,Ministry of Road Transport & Highways,Roads & Highways,756.82,728.26,477.64,98.1,On Track,-3.77,False,False,True,True,
100459,Roads & Highways Project 100459,Ministry of Road Transport & Highways,Roads & Highways,967.66,973.37,556.51,68.7,On Track,0.59,False,False,True,True,
100460,Roads & Highways Project 100460,Ministry of Road Transport & Highways,Roads & Highways,586.73,557.98,323.13,68.9,On Track,-4.9,False,False,True,True,
100461,Roads & Highways Project 100461,Ministry of Road Transport & Highways,Roads & Highways,993.92,960.38,614.22,77.2,On Track,-3.37,False,False,True,True,
100462,Roads & Highways Project 100462,Ministry of Road Transport & Highways,Roads & Highways,177.41,157.99,21.2,21.5,Critical,-10.95,False,False,True,True,land acquisition delays
100463,Roads & Highways Project 100463,Ministry of Road Transport & Highways,Roads & Highways,579.97,556.97,71.78,22.2,Critical,-3.97,False,False,True,True,scope changes and structural revisions
100464,Roads & Highways Project 100464,Ministry of Road Transport & Highways,Roads & Highways,873.88,856.56,315.17,38.2,Delayed,-1.98,False,False,True,True,delays in detailed engineering
100465,Roads & Highways Project 100465,Ministry of Road Transport & Highways,Roads & Highways,1695.58,1604.29,351.9,32.8,Delayed,-5.38,False,False,True,True,delays in detailed engineering
100466,Roads & Highways Project 100466,Ministry of Road Transport & Highways,Roads & Highways,422.76,442.47,133.22,43.0,Delayed,4.66,False,False,True,True,land acquisition delays
100467,Roads & Highways Project 100467,Ministry of Road Transport & Highways,Roads & Highways,1191.71,1175.17,515.6,54.3,Delayed,-1.39,False,False,True,True,forest/environment clearance delays
100468,Roads & Highways Project 100468,Ministry of Road Transport & Highways,Roads & Highways,1288.67,1227.36,174.69,24.5,Critical,-4.76,False,False,True,True,land acquisition delays
100469,Roads & Highways Project 100469,Ministry of Road Transport & Highways,Roads & Highways,368.6,348.75,237.09,85.2,On Track,-5.39,True,False,True,True,
100470,Roads & Highways Project 100470,Ministry of Road Transport & Highways,Roads & Highways,1089.7,1216.76,513.19,47.9,Delayed,11.66,False,False,True,True,financing tie-up delays
100471,Roads & Highways Project 100471,Ministry of Road Transport & Highways,Roads & Highways,1409.88,1419.75,866.01,67.9,On Track,0.7,False,False,True,True,
100472,Roads & Highways Project 100472,Ministry of Road Transport & Highways,Roads & Highways,1321.71,1239.67,453.32,47.4,Delayed,-6.21,False,False,True,True,tendering and ordering delays
100473,Roads & Highways Project 100473,Ministry of Road Transport & Highways,Roads & Highways,862.09,844.66,433.15,71.5,On Track,-2.02,False,False,True,True,
100474,Roads & Highways Project 100474,Ministry of Road Transport & Highways,Roads & Highways,460.5,424.3,243.42,82.9,On Track,-7.86,False,False,True,True,
100475,Roads & Highways Project 100475,Ministry of Road Transport & Highways,Roads & Highways,1504.02,1356.92,367.39,31.3,Delayed,-9.78,False,False,True,True,land acquisition delays
100476,Roads & Highways Project 100476,Ministry of Road Transport & Highways,Roads & Highways,665.26,697.64,181.04,43.9,Delayed,4.87,False,False,True,True,contractual disputes and arbitration
100477,Roads & Highways Project 100477,Ministry of Road Transport & Highways,Roads & Highways,1237.34,1133.99,332.53,36.7,Delayed,-8.35,False,False,True,True,land acquisition delays
100478,Roads & Highways Project 100478,Ministry of Road Transport & Highways,Roads & Highways,1883.17,1935.93,1391.12,99.3,Completed,2.8,False,False,True,True,
100479,Roads & Highways Project 100479,Ministry of Road Transport & Highways,Roads & Highways,1163.41,1205.86,118.14,14.5,Critical,3.65,False,False,True,True,scope changes and structural revisions
100480,Roads & Highways Project 100480,Ministry of Road Transport & Highways,Roads & Highways,811.65,754.78,597.03,99.4,Completed,-7.01,False,False,True,True,
100481,Roads & Highways Project 100481,Ministry of Road Transport & Highways,Roads & Highways,1242.3,1124.37,604.35,66.3,On Track,-9.49,False,False,True,True,
100482,Roads & Highways Project 100482,Ministry of Road Transport & Highways,Roads & Highways,801.92,643.12,453.98,81.2,On Track,-19.8,False,False,True,True,
100483,Roads & Highways Project 100483,Ministry of Road Transport & Highways,Roads & Highways,909.27,910.43,352.42,49.0,Delayed,0.13,False,False,True,True,forest/environment clearance delays
100484,Roads & Highways Project 100484,Ministry of Road Transport & Highways,Roads & Highways,612.99,614.82,464.79,99.2,Completed,0.3,False,False,True,True,
100485,Roads & Highways Project 100485,Ministry of Road Transport & Highways,Roads & Highways,1214.85,1246.13,314.58,32.9,Delayed,2.57,False,False,True,True,forest/environment clearance delays
100486,Roads & Highways Project 100486,Ministry of Road Transport & Highways,Roads & Highways,688.88,680.06,408.83,80.1,On Track,-1.28,False,False,True,True,
100487,Roads & Highways Project 100487,Ministry of Road Transport & Highways,Roads & Highways,481.71,455.3,349.1,93.8,On Track,-5.48,False,False,True,True,
100488,Roads & Highways Project 100488,Ministry of Road Transport & Highways,Roads & Highways,2455.1,2451.4,1501.52,84.4,On Track,-0.15,False,False,True,True,
100489,Roads & Highways Project 100489,Ministry of Road Transport & Highways,Roads & Highways,345.39,343.4,67.73,25.5,Delayed,-0.58,False,False,True,True,financing tie-up delays
100490,Roads & Highways Project 100490,Ministry of Road Transport & Highways,Roads & Highways,431.5,419.89,242.33,77.1,On Track,-2.69,False,False,True,True,
100491,Roads & Highways Project 100491,Ministry of Road Transport & Highways,Roads & Highways,816.33,793.21,488.0,75.9,On Track,-2.83,False,False,True,True,
100492,Roads & Highways Project 100492,Ministry of Road Transport & Highways,Roads & Highways,472.82,529.34,188.98,46.7,Delayed,11.95,False,False,True,True,contractual disputes and arbitration
100493,Roads & Highways Project 100493,Ministry of Road Transport & Highways,Roads & Highways,1067.51,1051.54,583.65,61.9,On Track,-1.5,False,False,True,True,
100494,Roads & Highways Project 100494,Ministry of Road Transport & Highways,Roads & Highways,793.01,746.26,401.65,73.0,On Track,-5.9,False,False,True,True,
100495,Roads & Highways Project 100495,Ministry of Road Transport & Highways,Roads & Highways,1525.23,1514.66,1175.17,100.0,Completed,-0.69,False,False,True,True,
100496,Roads & Highways Project 100496,Ministry of Road Transport & Highways,Roads & Highways,1243.39,1179.52,418.53,50.6,Delayed,-5.14,False,False,True,True,forest/environment clearance delays
100497,Roads & Highways Project 100497,Ministry of Road Transport & Highways,Roads & Highways,979.89,925.59,147.21,18.8,Critical,-5.54,False,False,True,True,land acquisition delays
100498,Roads & Highways Project 100498,Ministry of Road Transport & Highways,Roads & Highways,124.66,115.3,30.28,31.9,Delayed,-7.51,False,False,True,True,contractual disputes and arbitration
100499,Roads & Highways Project 100499,Ministry of Road Transport & Highways,Roads & Highways,671.03,644.1,91.71,13.5,Critical,-4.01,False,False,True,True,contractual disputes and arbitration
100500,Roads & Highways Project 100500,Ministry of Road Transport & Highways,Roads & Highways,622.86,604.22,409.8,97.9,On Track,-2.99,False,False,True,True,
100501,Roads & Highways Project 100501,Ministry of Road Transport & Highways,Roads & Highways,1304.28,1292.08,343.26,40.2,Delayed,-0.94,False,False,True,True,contractual disputes and arbitration
100502,Roads & Highways Project 100502,Ministry of Road Transport & Highways,Roads & Highways,834.39,950.09,460.72,71.5,Delayed,13.87,False,False,True,True,contractual disputes and arbitration
100503,Roads & Highways Project 100503,Ministry of Road Transport & Highways,Roads & Highways,845.78,698.59,291.31,54.2,Delayed,-17.4,False,False,True,True,tendering and ordering delays
100504,Roads & Highways Project 100504,Ministry of Road Transport & Highways,Roads & Highways,592.18,619.48,480.74,88.2,On Track,4.61,False,False,True,True,
100505,Roads & Highways Project 100505,Ministry of Road Transport & Highways,Roads & Highways,1082.23,950.7,396.54,48.7,Delayed,-12.15,False,False,True,True,tendering and ordering delays
100506,Roads & Highways Project 100506,Ministry of Road Transport & Highways,Roads & Highways,563.01,550.55,263.44,65.3,On Track,-2.21,False,False,True,True,
100507,Roads & Highways Project 100507,Ministry of Road Transport & Highways,Roads & Highways,513.25,499.24,239.05,50.5,Delayed,-2.73,False,False,True,True,contractual disputes and arbitration
100508,Roads & Highways Project 100508,Ministry of Road Transport & Highways,Roads & Highways,1083.17,972.91,405.31,56.4,On Track,-10.18,False,False,True,True,
100509,Roads & Highways Project 100509,Ministry of Road Transport & Highways,Roads & Highways,633.11,664.33,259.29,54.7,Delayed,4.93,False,False,True,True,land acquisition delays
100510,Roads & Highways Project 100510,Ministry of Road Transport & Highways,Roads & Highways,383.2,400.28,316.62,99.9,Completed,4.46,False,False,True,True,
100511,Roads & Highways Project 100511,Ministry of Road Transport & Highways,Roads & Highways,1118.95,1045.73,242.07,22.6,Critical,-6.54,False,False,True,True,land acquisition delays
100512,Roads & Highways Project 100512,Ministry of Road Transport & Highways,Roads & Highways,488.73,462.54,64.18,17.4,Critical,-5.36,False,False,True,True,land acquisition delays
100513,Roads & Highways Project 100513,Ministry of Road Transport & Highways,Roads & Highways,598.29,566.07,272.79,64.8,On Track,-5.39,True,False,True,True,
100514,Roads & Highways Project 100514,Ministry of Road Transport & Highways,Roads & Highways,1365.51,1378.17,1040.42,99.4,Completed,0.93,False,False,True,True,
100515,Roads & Highways Project 100515,Ministry of Road Transport & Highways,Roads & Highways,860.22,917.72,616.04,91.7,On Track,6.68,False,False,True,True,
100516,Roads & Highways Project 100516,Ministry of Road Transport & Highways,Roads & Highways,700.34,708.27,375.61,60.9,On Track,1.13,False,False,True,True,
100517,Roads & Highways Project 100517,Ministry of Road Transport & Highways,Roads & Highways,1237.12,1170.51,481.16,45.8,Delayed,-5.38,True,False,True,True,tendering and ordering delays
100518,Roads & Highways Project 100518,Ministry of Road Transport & Highways,Roads & Highways,241.37,234.98,88.24,56.9,On Track,-2.65,False,False,True,True,
100519,Roads & Highways Project 100519,Ministry of Road Transport & Highways,Roads & Highways,1540.58,1608.87,859.82,65.7,On Track,4.43,False,False,True,True,
100520,Roads & Highways Project 100520,Ministry of Road Transport & Highways,Roads & Highways,577.93,542.39,170.66,42.2,Delayed,-6.15,False,False,True,True,tendering and ordering delays
100521,Roads & Highways Project 100521,Ministry of Road Transport & Highways,Roads & Highways,668.78,724.75,264.71,47.6,Delayed,8.37,False,False,True,True,law-and-order and local right-of-way issues
100522,Roads & Highways Project 100522,Ministry of Road Transport & Highways,Roads & Highways,1541.12,1685.46,395.37,28.7,Delayed,9.37,False,False,True,True,geological surprises
100523,Roads & Highways Project 100523,Ministry of Road Transport & Highways,Roads & Highways,486.88,478.88,132.65,29.8,Delayed,-1.64,False,False,True,True,law-and-order and local right-of-way issues
100524,Roads & Highways Project 100524,Ministry of Road Transport & Highways,Roads & Highways,555.63,522.98,413.68,97.3,On Track,-5.88,False,False,True,True,
100525,Roads & Highways Project 100525,Ministry of Road Transport & Highways,Roads & Highways,291.5,291.57,97.69,46.6,Delayed,0.02,False,False,True,True,land acquisition delays
100526,Roads & Highways Project 100526,Ministry of Road Transport & Highways,Roads & Highways,981.35,1018.25,616.87,82.3,On Track,3.76,False,False,True,True,
100527,Roads & Highways Project 100527,Ministry of Road Transport & Highways,Roads & Highways,981.19,971.13,238.71,39.3,Delayed,-1.03,False,False,True,True,forest/environment clearance delays
100528,Roads & Highways Project 100528,Ministry of Road Transport & Highways,Roads & Highways,2205.32,2086.58,1169.81,65.7,On Track,-5.38,True,False,True,True,
100529,Roads & Highways Project 100529,Ministry of Road Transport & Highways,Roads & Highways,572.41,525.01,395.14,89.5,On Track,-8.28,False,False,True,True,
100530,Roads & Highways Project 100530,Ministry of Road Transport & Highways,Roads & Highways,717.65,742.05,322.99,67.0,On Track,3.4,False,False,True,True,
100531,Roads & Highways Project 100531,Ministry of Road Transport & Highways,Roads & Highways,186.36,196.48,155.41,99.1,Completed,5.43,False,False,True,True,
100532,Roads & Highways Project 100532,Ministry of Road Transport & Highways,Roads & Highways,461.87,451.8,193.36,50.4,Delayed,-2.18,False,False,True,True,scope changes and structural revisions
100533,Roads & Highways Project 100533,Ministry of Road Transport & Highways,Roads & Highways,644.45,618.46,116.38,24.6,Critical,-4.03,False,False,True,True,law-and-order and local right-of-way issues
100534,Roads & Highways Project 100534,Ministry of Road Transport & Highways,Roads & Highways,620.16,649.16,224.64,48.5,Delayed,4.68,False,False,True,True,land acquisition delays
100535,Roads & Highways Project 100535,Ministry of Road Transport & Highways,Roads & Highways,643.37,654.14,375.6,71.2,On Track,1.67,False,False,True,True,
100536,Roads & Highways Project 100536,Ministry of Road Transport & Highways,Roads & Highways,310.79,294.06,232.6,98.1,On Track,-5.38,True,False,True,True,
100537,Roads & Highways Project 100537,Ministry of Road Transport & Highways,Roads & Highways,1462.32,1383.58,513.3,49.0,Delayed,-5.38,True,False,True,True,contractual disputes and arbitration
100538,Roads & Highways Project 100538,Ministry of Road Transport & Highways,Roads & Highways,747.79,763.93,414.18,68.9,On Track,2.16,False,False,True,True,
100539,Roads & Highways Project 100539,Ministry of Road Transport & Highways,Roads & Highways,294.58,282.15,204.5,99.1,Completed,-4.22,False,False,True,True,
100540,Roads & Highways Project 100540,Ministry of Road Transport & Highways,Roads & Highways,748.45,731.36,239.1,39.3,Delayed,-2.28,False,False,True,True,tendering and ordering delays
100541,Roads & Highways Project 100541,Ministry of Road Transport & Highways,Roads & Highways,115.01,109.13,4.23,9.9,Critical,-5.11,False,False,True,True,scope changes and structural revisions
100542,Roads & Highways Project 100542,Ministry of Road Transport & Highways,Roads & Highways,703.51,688.79,345.46,77.4,On Track,-2.09,False,False,True,True,
100543,Roads & Highways Project 100543,Ministry of Road Transport & Highways,Roads & Highways,717.41,640.22,390.97,72.6,On Track,-10.76,False,False,True,True,
100544,Roads & Highways Project 100544,Ministry of Road Transport & Highways,Roads & Highways,3168.17,3224.16,2239.15,100.0,Completed,1.77,False,False,True,True,
100545,Roads & Highways Project 100545,Ministry of Road Transport & Highways,Roads & Highways,481.73,455.79,184.21,48.4,Delayed,-5.38,True,False,True,True,land acquisition delays
100546,Roads & Highways Project 100546,Ministry of Road Transport & Highways,Roads & Highways,1211.41,1190.44,534.3,52.3,Delayed,-1.73,False,False,True,True,contractual disputes and arbitration
100547,Roads & Highways Project 100547,Ministry of Road Transport & Highways,Roads & Highways,346.75,326.77,193.78,77.9,On Track,-5.76,False,False,True,True,
100548,Roads & Highways Project 100548,Ministry of Road Transport & Highways,Roads & Highways,285.71,262.75,48.75,20.7,Critical,-8.04,False,False,True,True,forest/environment clearance delays
100549,Roads & Highways Project 100549,Ministry of Road Transport & Highways,Roads & Highways,446.52,466.32,362.61,94.2,On Track,4.43,False,False,True,True,
100550,Roads & Highways Project 100550,Ministry of Road Transport & Highways,Roads & Highways,955.19,935.33,432.7,47.4,Delayed,-2.08,False,False,True,True,scope changes and structural revisions
100551,Roads & Highways Project 100551,Ministry of Road Transport & Highways,Roads & Highways,635.94,589.09,156.53,29.3,Delayed,-7.37,False,False,True,True,forest/environment clearance delays
100552,Roads & Highways Project 100552,Ministry of Road Transport & Highways,Roads & Highways,813.71,944.26,529.56,63.4,Delayed,16.04,False,False,True,True,land acquisition delays
100553,Roads & Highways Project 100553,Ministry of Road Transport & Highways,Roads & Highways,328.35,329.69,60.79,20.6,Critical,0.41,False,False,True,True,financing tie-up delays
100554,Roads & Highways Project 100554,Ministry of Road Transport & Highways,Roads & Highways,693.68,617.99,270.72,52.9,Delayed,-10.91,False,False,True,True,contractual disputes and arbitration
100555,Roads & Highways Project 100555,Ministry of Road Transport & Highways,Roads & Highways,223.73,220.02,147.5,81.0,On Track,-1.66,False,False,True,True,
100556,Roads & Highways Project 100556,Ministry of Road Transport & Highways,Roads & Highways,901.65,899.81,148.02,19.2,Critical,-0.2,False,False,True,True,forest/environment clearance delays
100557,Roads & Highways Project 100557,Ministry of Road Transport & Highways,Roads & Highways,793.79,840.95,355.07,48.5,Delayed,5.94,False,False,True,True,financing tie-up delays
100558,Roads & Highways Project 100558,Ministry of Road Transport & Highways,Roads & Highways,1984.54,2141.0,690.01,38.6,Delayed,7.88,False,False,True,True,land acquisition delays
100559,Roads & Highways Project 100559,Ministry of Road Transport & Highways,Roads & Highways,730.02,757.27,389.81,70.3,On Track,3.73,False,False,True,True,
100560,Roads & Highways Project 100560,Ministry of Road Transport & Highways,Roads & Highways,430.07,420.46,246.9,73.3,On Track,-2.23,False,False,True,True,
100561,Roads & Highways Project 100561,Ministry of Road Transport & Highways,Roads & Highways,904.77,970.13,184.88,23.4,Critical,7.22,False,False,True,True,land acquisition delays
100562,Roads & Highways Project 100562,Ministry of Road Transport & Highways,Roads & Highways,803.57,692.56,108.54,23.6,Critical,-13.81,False,False,True,True,forest/environment clearance delays
100563,Roads & Highways Project 100563,Ministry of Road Transport & Highways,Roads & Highways,1414.72,1338.55,695.02,70.0,On Track,-5.38,True,False,True,True,
100564,Roads & Highways Project 100564,Ministry of Road Transport & Highways,Roads & Highways,812.16,881.72,561.15,71.4,On Track,8.56,False,False,True,True,
100565,Roads & Highways Project 100565,Ministry of Road Transport & Highways,Roads & Highways,1209.4,1201.98,362.67,30.6,Delayed,-0.61,False,False,True,True,land acquisition delays
100566,Roads & Highways Project 100566,Ministry of Road Transport & Highways,Roads & Highways,630.96,651.64,485.95,97.7,On Track,3.28,False,False,True,True,
100567,Roads & Highways Project 100567,Ministry of Road Transport & Highways,Roads & Highways,405.6,389.88,135.28,41.0,Delayed,-3.88,False,False,True,True,land acquisition delays
100568,Roads & Highways Project 100568,Ministry of Road Transport & Highways,Roads & Highways,1594.71,1397.51,926.22,78.5,On Track,-12.37,False,False,True,True,
100569,Roads & Highways Project 100569,Ministry of Road Transport & Highways,Roads & Highways,265.03,259.25,103.28,43.2,Delayed,-2.18,False,False,True,True,contractual disputes and arbitration
100570,Roads & Highways Project 100570,Ministry of Road Transport & Highways,Roads & Highways,1105.74,1139.85,569.89,60.2,On Track,3.08,False,False,True,True,
100571,Roads & Highways Project 100571,Ministry of Road Transport & Highways,Roads & Highways,494.2,463.35,350.22,91.4,On Track,-6.24,False,False,True,True,
100572,Roads & Highways Project 100572,Ministry of Road Transport & Highways,Roads & Highways,403.51,378.54,149.13,46.4,Delayed,-6.19,False,False,True,True,land acquisition delays
100573,Roads & Highways Project 100573,Ministry of Road Transport & Highways,Roads & Highways,1580.31,1479.57,728.24,52.9,Delayed,-6.37,False,False,True,True,geological surprises
100574,Roads & Highways Project 100574,Ministry of Road Transport & Highways,Roads & Highways,463.47,467.55,352.05,97.9,On Track,0.88,False,False,True,True,
100575,Roads & Highways Project 100575,Ministry of Road Transport & Highways,Roads & Highways,394.0,395.59,198.63,61.9,On Track,0.4,False,False,True,True,
100576,Roads & Highways Project 100576,Ministry of Road Transport & Highways,Roads & Highways,577.7,572.91,103.18,26.4,Delayed,-0.83,False,False,True,True,contractual disputes and arbitration
100577,Roads & Highways Project 100577,Ministry of Road Transport & Highways,Roads & Highways,1865.46,1907.02,1125.25,90.2,On Track,2.23,False,False,True,True,
100578,Roads & Highways Project 100578,Ministry of Road Transport & Highways,Roads & Highways,648.99,613.64,231.87,51.7,Delayed,-5.45,False,False,True,True,land acquisition delays
100579,Roads & Highways Project 100579,Ministry of Road Transport & Highways,Roads & Highways,365.52,341.5,182.21,66.4,On Track,-6.57,False,False,True,True,
100580,Roads & Highways Project 100580,Ministry of Road Transport & Highways,Roads & Highways,748.66,665.52,216.45,47.9,Delayed,-11.11,False,False,True,True,land acquisition delays
100581,Roads & Highways Project 100581,Ministry of Road Transport & Highways,Roads & Highways,1126.02,1047.96,367.65,45.5,Delayed,-6.93,False,False,True,True,land acquisition delays
100582,Roads & Highways Project 100582,Ministry of Road Transport & Highways,Roads & Highways,1104.16,1075.41,592.35,78.3,On Track,-2.6,False,False,True,True,
100583,Roads & Highways Project 100583,Ministry of Road Transport & Highways,Roads & Highways,809.5,807.47,103.94,14.6,Critical,-0.25,False,False,True,True,financing tie-up delays
100584,Roads & Highways Project 100584,Ministry of Road Transport & Highways,Roads & Highways,1184.83,1146.27,803.24,98.4,On Track,-3.25,False,False,True,True,
100585,Roads & Highways Project 100585,Ministry of Road Transport & Highways,Roads & Highways,2135.29,2386.72,1851.83,98.9,Delayed,11.77,False,False,True,True,forest/environment clearance delays
100586,Roads & Highways Project 100586,Ministry of Road Transport & Highways,Roads & Highways,594.02,527.28,293.33,65.6,On Track,-11.24,False,False,True,True,
100587,Roads & Highways Project 100587,Ministry of Road Transport & Highways,Roads & Highways,955.4,959.48,690.92,98.8,On Track,0.43,False,False,True,True,
100588,Roads & Highways Project 100588,Ministry of Road Transport & Highways,Roads & Highways,775.11,764.34,347.84,57.0,On Track,-1.39,False,False,True,True,
100589,Roads & Highways Project 100589,Ministry of Road Transport & Highways,Roads & Highways,598.08,641.36,338.98,67.5,On Track,7.24,False,False,True,True,
100590,Roads & Highways Project 100590,Ministry of Road Transport & Highways,Roads & Highways,862.12,864.79,659.08,98.9,On Track,0.31,False,False,True,True,
100591,Roads & Highways Project 100591,Ministry of Road Transport & Highways,Roads & Highways,758.07,760.55,430.95,99.4,Completed,0.33,False,False,True,True,
100592,Roads & Highways Project 100592,Ministry of Road Transport & Highways,Roads & Highways,1150.98,1249.19,628.67,62.2,On Track,8.53,False,False,True,True,
100593,Roads & Highways Project 100593,Ministry of Road Transport & Highways,Roads & Highways,1569.15,1564.59,306.46,37.2,Delayed,-0.29,False,False,True,True,scope changes and structural revisions
100594,Roads & Highways Project 100594,Ministry of Road Transport & Highways,Roads & Highways,428.53,379.68,141.95,49.2,Delayed,-11.4,False,False,True,True,land acquisition delays
100595,Roads & Highways Project 100595,Ministry of Road Transport & Highways,Roads & Highways,598.41,584.56,302.45,67.3,On Track,-2.31,False,False,True,True,
100596,Roads & Highways Project 100596,Ministry of Road Transport & Highways,Roads & Highways,912.95,881.78,381.52,57.8,On Track,-3.41,False,False,True,True,
100597,Roads & Highways Project 100597,Ministry of Road Transport & Highways,Roads & Highways,533.78,471.33,237.52,70.2,On Track,-11.7,False,False,True,True,
100598,Roads & Highways Project 100598,Ministry of Road Transport & Highways,Roads & Highways,389.31,341.81,225.18,86.6,On Track,-12.2,False,False,True,True,
100599,Roads & Highways Project 100599,Ministry of Road Transport & Highways,Roads & Highways,1890.25,1916.41,1171.52,72.0,On Track,1.38,False,False,True,True,
100600,Roads & Highways Project 100600,Ministry of Road Transport & Highways,Roads & Highways,1096.08,1071.51,478.7,52.4,Delayed,-2.24,False,False,True,True,land acquisition delays
100601,Roads & Highways Project 100601,Ministry of Road Transport & Highways,Roads & Highways,952.5,1069.04,518.79,61.7,Delayed,12.24,False,False,True,True,financing tie-up delays
100602,Roads & Highways Project 100602,Ministry of Road Transport & Highways,Roads & Highways,750.8,710.38,314.13,70.0,On Track,-5.38,True,False,True,True,
100603,Roads & Highways Project 100603,Ministry of Road Transport & Highways,Roads & Highways,758.44,799.58,305.11,42.4,Delayed,5.42,False,False,True,True,land acquisition delays
100604,Roads & Highways Project 100604,Ministry of Road Transport & Highways,Roads & Highways,1550.38,1565.2,1228.35,98.9,On Track,0.96,False,False,True,True,
100605,Roads & Highways Project 100605,Ministry of Road Transport & Highways,Roads & Highways,917.17,953.72,281.39,58.5,On Track,3.99,False,False,True,True,
100606,Roads & Highways Project 100606,Ministry of Road Transport & Highways,Roads & Highways,3560.15,3590.73,2145.94,77.7,On Track,0.86,False,False,True,True,
100607,Roads & Highways Project 100607,Ministry of Road Transport & Highways,Roads & Highways,818.45,855.09,150.26,21.6,Critical,4.48,False,False,True,True,financing tie-up delays
100608,Roads & Highways Project 100608,Ministry of Road Transport & Highways,Roads & Highways,503.09,483.29,109.71,34.7,Delayed,-3.94,False,False,True,True,land acquisition delays
100609,Roads & Highways Project 100609,Ministry of Road Transport & Highways,Roads & Highways,1814.99,1888.3,999.26,69.7,On Track,4.04,False,False,True,True,
100610,Roads & Highways Project 100610,Ministry of Road Transport & Highways,Roads & Highways,848.72,791.35,207.18,36.0,Delayed,-6.76,False,False,True,True,land acquisition delays
100611,Roads & Highways Project 100611,Ministry of Road Transport & Highways,Roads & Highways,673.7,636.32,340.49,71.5,On Track,-5.55,False,False,True,True,
100612,Roads & Highways Project 100612,Ministry of Road Transport & Highways,Roads & Highways,886.61,852.17,487.82,85.2,On Track,-3.88,False,False,True,True,
100613,Roads & Highways Project 100613,Ministry of Road Transport & Highways,Roads & Highways,1033.01,1065.27,563.17,73.0,On Track,3.12,False,False,True,True,
100614,Roads & Highways Project 100614,Ministry of Road Transport & Highways,Roads & Highways,662.84,572.76,330.04,74.4,On Track,-13.59,False,False,True,True,
100615,Roads & Highways Project 100615,Ministry of Road Transport & Highways,Roads & Highways,1014.43,1073.4,560.31,60.9,On Track,5.81,False,False,True,True,
100616,Roads & Highways Project 100616,Ministry of Road Transport & Highways,Roads & Highways,1132.08,1011.92,465.72,52.2,Delayed,-10.61,False,False,True,True,scope changes and structural revisions
100617,Roads & Highways Project 100617,Ministry of Road Transport & Highways,Roads & Highways,378.5,379.95,37.56,11.7,Critical,0.38,False,False,True,True,contractual disputes and arbitration
100618,Roads & Highways Project 100618,Ministry of Road Transport & Highways,Roads & Highways,833.5,814.92,558.06,81.5,On Track,-2.23,False,False,True,True,
100619,Roads & Highways Project 100619,Ministry of Road Transport & Highways,Roads & Highways,586.88,571.36,267.41,61.8,On Track,-2.64,False,False,True,True,
100620,Roads & Highways Project 100620,Ministry of Road Transport & Highways,Roads & Highways,1272.72,1365.98,653.74,51.7,Delayed,7.33,False,False,True,True,forest/environment clearance delays
100621,Roads & Highways Project 100621,Ministry of Road Transport & Highways,Roads & Highways,997.94,977.33,171.82,27.9,Delayed,-2.07,False,False,True,True,financing tie-up delays
100622,Roads & Highways Project 100622,Ministry of Road Transport & Highways,Roads & Highways,1805.5,1708.29,754.32,56.1,On Track,-5.38,True,False,True,True,
100623,Roads & Highways Project 100623,Ministry of Road Transport & Highways,Roads & Highways,996.25,956.13,672.93,91.4,On Track,-4.03,False,False,True,True,
100624,Roads & Highways Project 100624,Ministry of Road Transport & Highways,Roads & Highways,1329.43,1257.85,604.46,68.9,On Track,-5.38,True,False,True,True,
100625,Roads & Highways Project 100625,Ministry of Road Transport & Highways,Roads & Highways,358.25,338.96,253.5,89.1,On Track,-5.38,True,False,True,True,
100626,Roads & Highways Project 100626,Ministry of Road Transport & Highways,Roads & Highways,227.03,232.55,171.29,94.2,On Track,2.43,False,False,True,True,
100627,Roads & Highways Project 100627,Ministry of Road Transport & Highways,Roads & Highways,410.61,419.13,225.73,74.2,On Track,2.07,False,False,True,True,
100628,Roads & Highways Project 100628,Ministry of Road Transport & Highways,Roads & Highways,702.75,691.02,358.75,66.9,On Track,-1.67,False,False,True,True,
100629,Roads & Highways Project 100629,Ministry of Road Transport & Highways,Roads & Highways,574.5,542.55,356.93,99.7,Completed,-5.56,False,False,True,True,
100630,Roads & Highways Project 100630,Ministry of Road Transport & Highways,Roads & Highways,1074.55,1039.38,372.16,55.0,Delayed,-3.27,False,False,True,True,land acquisition delays
100631,Roads & Highways Project 100631,Ministry of Road Transport & Highways,Roads & Highways,2119.6,2094.1,787.14,45.2,Delayed,-1.2,False,False,True,True,contractual disputes and arbitration
100632,Roads & Highways Project 100632,Ministry of Road Transport & Highways,Roads & Highways,294.75,284.65,21.98,15.8,Critical,-3.43,False,False,True,True,financing tie-up delays
100633,Roads & Highways Project 100633,Ministry of Road Transport & Highways,Roads & Highways,278.09,288.34,135.81,57.7,On Track,3.69,False,False,True,True,
100634,Roads & Highways Project 100634,Ministry of Road Transport & Highways,Roads & Highways,786.9,739.6,28.68,5.4,Critical,-6.01,False,False,True,True,financing tie-up delays
100635,Roads & Highways Project 100635,Ministry of Road Transport & Highways,Roads & Highways,609.93,614.38,349.46,68.7,On Track,0.73,False,False,True,True,
100636,Roads & Highways Project 100636,Ministry of Road Transport & Highways,Roads & Highways,714.38,733.1,524.67,80.4,On Track,2.62,False,False,True,True,
100637,Roads & Highways Project 100637,Ministry of Road Transport & Highways,Roads & Highways,697.57,706.65,122.05,21.3,Critical,1.3,False,False,True,True,delays in detailed engineering
100638,Roads & Highways Project 100638,Ministry of Road Transport & Highways,Roads & Highways,787.43,791.18,264.19,49.6,Delayed,0.48,False,False,True,True,land acquisition delays
100639,Roads & Highways Project 100639,Ministry of Road Transport & Highways,Roads & Highways,1245.51,1236.66,113.83,16.7,Critical,-0.71,False,False,True,True,forest/environment clearance delays
100640,Roads & Highways Project 100640,Ministry of Road Transport & Highways,Roads & Highways,939.77,858.87,144.75,20.4,Critical,-8.61,False,False,True,True,land acquisition delays
100641,Roads & Highways Project 100641,Ministry of Road Transport & Highways,Roads & Highways,597.33,565.66,357.68,83.5,On Track,-5.3,False,False,True,True,
100642,Roads & Highways Project 100642,Ministry of Road Transport & Highways,Roads & Highways,468.59,442.65,212.58,66.3,On Track,-5.54,False,False,True,True,
100643,Roads & Highways Project 100643,Ministry of Road Transport & Highways,Roads & Highways,621.67,599.46,93.17,22.9,Critical,-3.57,False,False,True,True,land acquisition delays
100644,Roads & Highways Project 100644,Ministry of Road Transport & Highways,Roads & Highways,2722.36,2813.01,1947.37,81.6,On Track,3.33,False,False,True,True,
100645,Roads & Highways Project 100645,Ministry of Road Transport & Highways,Roads & Highways,647.56,627.09,217.61,57.3,On Track,-3.16,False,False,True,True,
100646,Roads & Highways Project 100646,Ministry of Road Transport & Highways,Roads & Highways,679.62,719.46,333.72,62.9,On Track,5.86,False,False,True,True,
100647,Roads & Highways Project 100647,Ministry of Road Transport & Highways,Roads & Highways,478.12,410.92,265.37,70.7,On Track,-14.06,False,False,True,True,
100648,Roads & Highways Project 100648,Ministry of Road Transport & Highways,Roads & Highways,252.32,241.29,168.43,80.3,On Track,-4.37,False,False,True,True,
100649,Roads & Highways Project 100649,Ministry of Road Transport & Highways,Roads & Highways,1059.73,1075.05,222.71,33.9,Delayed,1.45,False,False,True,True,financing tie-up delays
100650,Roads & Highways Project 100650,Ministry of Road Transport & Highways,Roads & Highways,870.47,812.01,521.23,91.5,On Track,-6.72,False,False,True,True,
100651,Roads & Highways Project 100651,Ministry of Road Transport & Highways,Roads & Highways,861.97,844.88,268.82,37.8,Delayed,-1.98,False,False,True,True,delays in detailed engineering
100652,Roads & Highways Project 100652,Ministry of Road Transport & Highways,Roads & Highways,552.27,534.9,376.13,81.7,On Track,-3.15,False,False,True,True,
100653,Roads & Highways Project 100653,Ministry of Road Transport & Highways,Roads & Highways,432.62,425.98,96.38,32.9,Delayed,-1.53,False,False,True,True,contractual disputes and arbitration
100654,Roads & Highways Project 100654,Ministry of Road Transport & Highways,Roads & Highways,685.99,645.46,271.7,58.3,On Track,-5.91,False,False,True,True,
100655,Roads & Highways Project 100655,Ministry of Road Transport & Highways,Roads & Highways,1336.61,1252.49,365.65,37.8,Delayed,-6.29,False,False,True,True,law-and-order and local right-of-way issues
100656,Roads & Highways Project 100656,Ministry of Road Transport & Highways,Roads & Highways,482.7,467.87,146.21,41.3,Delayed,-3.07,False,False,True,True,financing tie-up delays
100657,Roads & Highways Project 100657,Ministry of Road Transport & Highways,Roads & Highways,378.56,358.24,85.14,35.8,Delayed,-5.37,False,False,True,True,contractual disputes and arbitration
100658,Roads & Highways Project 100658,Ministry of Road Transport & Highways,Roads & Highways,2414.33,2390.48,1293.46,76.7,On Track,-0.99,False,False,True,True,
100659,Roads & Highways Project 100659,Ministry of Road Transport & Highways,Roads & Highways,748.65,683.65,532.42,97.9,On Track,-8.68,False,False,True,True,
100660,Roads & Highways Project 100660,Ministry of Road Transport & Highways,Roads & Highways,1549.44,1505.96,609.55,52.9,Delayed,-2.81,False,False,True,True,forest/environment clearance delays
100661,Roads & Highways Project 100661,Ministry of Road Transport & Highways,Roads & Highways,2164.01,2232.78,808.47,54.4,Delayed,3.18,False,False,True,True,forest/environment clearance delays
100662,Roads & Highways Project 100662,Ministry of Road Transport & Highways,Roads & Highways,398.98,391.27,101.54,44.7,Delayed,-1.93,False,False,True,True,contractual disputes and arbitration
100663,Roads & Highways Project 100663,Ministry of Road Transport & Highways,Roads & Highways,798.73,824.35,589.74,79.7,On Track,3.21,False,False,True,True,
100664,Roads & Highways Project 100664,Ministry of Road Transport & Highways,Roads & Highways,236.3,226.09,31.72,14.8,Critical,-4.32,False,False,True,True,land acquisition delays
100665,Roads & Highways Project 100665,Ministry of Road Transport & Highways,Roads & Highways,2635.23,2563.86,1342.56,70.5,On Track,-2.71,False,False,True,True,
100666,Roads & Highways Project 100666,Ministry of Road Transport & Highways,Roads & Highways,890.81,999.5,682.47,98.8,Delayed,12.2,False,False,True,True,forest/environment clearance delays
100667,Roads & Highways Project 100667,Ministry of Road Transport & Highways,Roads & Highways,225.21,224.76,125.8,77.0,On Track,-0.2,False,False,True,True,
100668,Roads & Highways Project 100668,Ministry of Road Transport & Highways,Roads & Highways,391.41,408.59,205.03,52.3,Delayed,4.39,False,False,True,True,contractual disputes and arbitration
100669,Roads & Highways Project 100669,Ministry of Road Transport & Highways,Roads & Highways,2041.94,1971.93,1272.39,81.1,On Track,-3.43,False,False,True,True,
100670,Roads & Highways Project 100670,Ministry of Road Transport & Highways,Roads & Highways,627.73,614.17,358.19,71.5,On Track,-2.16,False,False,True,True,
100671,Roads & Highways Project 100671,Ministry of Road Transport & Highways,Roads & Highways,2946.85,2802.05,721.95,38.6,Delayed,-4.91,False,False,True,True,financing tie-up delays
100672,Roads & Highways Project 100672,Ministry of Road Transport & Highways,Roads & Highways,346.9,348.81,201.58,82.9,On Track,0.55,False,False,True,True,
100673,Roads & Highways Project 100673,Ministry of Road Transport & Highways,Roads & Highways,954.04,931.01,611.12,78.1,On Track,-2.41,False,False,True,True,
100674,Roads & Highways Project 100674,Ministry of Road Transport & Highways,Roads & Highways,398.59,389.74,175.95,62.1,On Track,-2.22,False,False,True,True,
100675,Roads & Highways Project 100675,Ministry of Road Transport & Highways,Roads & Highways,2328.59,2283.36,1478.25,72.1,On Track,-1.94,False,False,True,True,
100676,Roads & Highways Project 100676,Ministry of Road Transport & Highways,Roads & Highways,698.04,680.17,26.37,7.7,Critical,-2.56,False,False,True,True,law-and-order and local right-of-way issues
100677,Roads & Highways Project 100677,Ministry of Road Transport & Highways,Roads & Highways,255.16,267.14,92.55,43.4,Delayed,4.7,False,False,True,True,delays in detailed engineering
100678,Roads & Highways Project 100678,Ministry of Road Transport & Highways,Roads & Highways,1511.14,1542.75,667.19,45.4,Delayed,2.09,False,False,True,True,law-and-order and local right-of-way issues
100679,Roads & Highways Project 100679,Ministry of Road Transport & Highways,Roads & Highways,738.73,702.3,539.78,98.3,On Track,-4.93,False,False,True,True,
100680,Roads & Highways Project 100680,Ministry of Road Transport & Highways,Roads & Highways,882.52,842.91,459.93,77.8,On Track,-4.49,False,False,True,True,
100681,Roads & Highways Project 100681,Ministry of Road Transport & Highways,Roads & Highways,1150.0,1132.44,538.26,71.7,On Track,-1.53,False,False,True,True,
100682,Roads & Highways Project 100682,Ministry of Road Transport & Highways,Roads & Highways,421.19,410.12,195.05,51.0,Delayed,-2.63,False,False,True,True,contractual disputes and arbitration
100683,Roads & Highways Project 100683,Ministry of Road Transport & Highways,Roads & Highways,515.97,501.81,103.17,26.8,Delayed,-2.74,False,False,True,True,land acquisition delays
100684,Roads & Highways Project 100684,Ministry of Road Transport & Highways,Roads & Highways,206.02,200.69,73.86,42.9,Delayed,-2.59,False,False,True,True,financing tie-up delays
100685,Roads & Highways Project 100685,Ministry of Road Transport & Highways,Roads & Highways,1398.54,1321.18,589.93,58.4,On Track,-5.53,False,False,True,True,
100686,Roads & Highways Project 100686,Ministry of Road Transport & Highways,Roads & Highways,212.17,189.64,62.52,36.1,Delayed,-10.62,False,False,True,True,land acquisition delays
100687,Roads & Highways Project 100687,Ministry of Road Transport & Highways,Roads & Highways,851.11,884.17,406.67,68.0,On Track,3.88,False,False,True,True,
100688,Roads & Highways Project 100688,Ministry of Road Transport & Highways,Roads & Highways,1858.47,1691.08,1181.87,83.8,On Track,-9.01,False,False,True,True,
100689,Roads & Highways Project 100689,Ministry of Road Transport & Highways,Roads & Highways,560.32,545.86,369.94,88.9,On Track,-2.58,False,False,True,True,
100690,Roads & Highways Project 100690,Ministry of Road Transport & Highways,Roads & Highways,684.24,642.57,315.63,73.8,On Track,-6.09,False,False,True,True,
100691,Roads & Highways Project 100691,Ministry of Road Transport & Highways,Roads & Highways,1002.5,953.21,578.15,82.4,On Track,-4.92,False,False,True,True,
100692,Roads & Highways Project 100692,Ministry of Road Transport & Highways,Roads & Highways,1675.92,1777.95,564.7,38.0,Delayed,6.09,False,False,True,True,forest/environment clearance delays
100693,Roads & Highways Project 100693,Ministry of Road Transport & Highways,Roads & Highways,555.48,547.49,168.57,39.5,Delayed,-1.44,False,False,True,True,forest/environment clearance delays
100694,Roads & Highways Project 100694,Ministry of Road Transport & Highways,Roads & Highways,2269.02,2316.83,1036.61,50.1,Delayed,2.11,False,False,True,True,scope changes and structural revisions
100695,Roads & Highways Project 100695,Ministry of Road Transport & Highways,Roads & Highways,608.84,616.67,315.02,69.6,On Track,1.29,False,False,True,True,
100696,Roads & Highways Project 100696,Ministry of Road Transport & Highways,Roads & Highways,146.25,133.83,55.78,47.1,Delayed,-8.49,False,False,True,True,contractual disputes and arbitration
100697,Roads & Highways Project 100697,Ministry of Road Transport & Highways,Roads & Highways,677.94,620.04,424.51,89.8,On Track,-8.54,False,False,True,True,
100698,Roads & Highways Project 100698,Ministry of Road Transport & Highways,Roads & Highways,524.71,492.85,291.54,78.2,On Track,-6.07,False,False,True,True,
100699,Roads & Highways Project 100699,Ministry of Road Transport & Highways,Roads & Highways,845.1,861.07,629.7,99.0,Completed,1.89,False,False,True,True,
100700,Roads & Highways Project 100700,Ministry of Road Transport & Highways,Roads & Highways,790.51,728.55,551.32,100.0,Completed,-7.84,False,False,True,True,
100701,Roads & Highways Project 100701,Ministry of Road Transport & Highways,Roads & Highways,645.57,669.63,507.46,99.3,Completed,3.73,False,False,True,True,
100702,Roads & Highways Project 100702,Ministry of Road Transport & Highways,Roads & Highways,565.83,578.57,192.26,30.9,Delayed,2.25,False,False,True,True,financing tie-up delays
100703,Roads & Highways Project 100703,Ministry of Road Transport & Highways,Roads & Highways,679.24,647.9,194.15,33.7,Delayed,-4.61,False,False,True,True,forest/environment clearance delays
100704,Roads & Highways Project 100704,Ministry of Road Transport & Highways,Roads & Highways,1960.39,2116.81,832.78,52.5,Delayed,7.98,False,False,True,True,land acquisition delays
100705,Roads & Highways Project 100705,Ministry of Road Transport & Highways,Roads & Highways,601.18,619.42,251.26,55.2,On Track,3.03,False,False,True,True,
100706,Roads & Highways Project 100706,Ministry of Road Transport & Highways,Roads & Highways,593.97,606.99,296.31,69.8,On Track,2.19,False,False,True,True,
100707,Roads & Highways Project 100707,Ministry of Road Transport & Highways,Roads & Highways,558.82,553.57,170.66,37.0,Delayed,-0.94,False,False,True,True,land acquisition delays
100708,Roads & Highways Project 100708,Ministry of Road Transport & Highways,Roads & Highways,1528.2,1473.66,316.32,24.1,Critical,-3.57,False,False,True,True,scope changes and structural revisions
100709,Roads & Highways Project 100709,Ministry of Road Transport & Highways,Roads & Highways,2369.85,2449.62,412.55,18.6,Critical,3.37,False,False,True,True,contractual disputes and arbitration
100710,Roads & Highways Project 100710,Ministry of Road Transport & Highways,Roads & Highways,608.37,616.85,250.97,52.8,Delayed,1.39,False,False,True,True,tendering and ordering delays
100711,Roads & Highways Project 100711,Ministry of Road Transport & Highways,Roads & Highways,552.94,501.96,308.8,81.5,On Track,-9.22,False,False,True,True,
100712,Roads & Highways Project 100712,Ministry of Road Transport & Highways,Roads & Highways,492.3,533.01,286.99,71.0,On Track,8.27,False,False,True,True,
100713,Roads & Highways Project 100713,Ministry of Road Transport & Highways,Roads & Highways,347.66,360.82,66.39,30.7,Delayed,3.79,False,False,True,True,forest/environment clearance delays
100714,Roads & Highways Project 100714,Ministry of Road Transport & Highways,Roads & Highways,585.46,534.93,248.56,57.8,On Track,-8.63,False,False,True,True,
100715,Roads & Highways Project 100715,Ministry of Road Transport & Highways,Roads & Highways,464.09,454.87,314.2,82.8,On Track,-1.99,False,False,True,True,
100716,Roads & Highways Project 100716,Ministry of Road Transport & Highways,Roads & Highways,685.53,693.17,357.41,64.4,On Track,1.11,False,False,True,True,
100717,Roads & Highways Project 100717,Ministry of Road Transport & Highways,Roads & Highways,550.02,538.62,279.49,70.6,On Track,-2.07,False,False,True,True,
100718,Roads & Highways Project 100718,Ministry of Road Transport & Highways,Roads & Highways,683.04,627.95,245.7,52.9,Delayed,-8.07,False,False,True,True,financing tie-up delays
100719,Roads & Highways Project 100719,Ministry of Road Transport & Highways,Roads & Highways,636.8,629.22,484.92,100.0,Completed,-1.19,False,False,True,True,
100720,Roads & Highways Project 100720,Ministry of Road Transport & Highways,Roads & Highways,2353.05,2192.02,439.34,44.2,Delayed,-6.84,False,False,True,True,forest/environment clearance delays
100721,Roads & Highways Project 100721,Ministry of Road Transport & Highways,Roads & Highways,1652.29,1790.38,621.33,31.3,Delayed,8.36,False,False,True,True,land acquisition delays
100722,Roads & Highways Project 100722,Ministry of Road Transport & Highways,Roads & Highways,737.44,665.85,469.87,99.7,Completed,-9.71,False,False,True,True,
100723,Roads & Highways Project 100723,Ministry of Road Transport & Highways,Roads & Highways,1505.46,1461.06,847.42,77.7,On Track,-2.95,False,False,True,True,
100724,Roads & Highways Project 100724,Ministry of Road Transport & Highways,Roads & Highways,743.17,730.77,525.28,98.9,On Track,-1.67,False,False,True,True,
100725,Roads & Highways Project 100725,Ministry of Road Transport & Highways,Roads & Highways,725.33,749.17,201.67,34.2,Delayed,3.29,False,False,True,True,delays in detailed engineering
100726,Roads & Highways Project 100726,Ministry of Road Transport & Highways,Roads & Highways,379.36,338.97,160.94,67.4,On Track,-10.65,False,False,True,True,
100727,Roads & Highways Project 100727,Ministry of Road Transport & Highways,Roads & Highways,761.85,746.18,285.2,54.3,Delayed,-2.06,False,False,True,True,delays in detailed engineering
100728,Roads & Highways Project 100728,Ministry of Road Transport & Highways,Roads & Highways,566.31,542.26,302.15,77.7,On Track,-4.25,False,False,True,True,
100729,Roads & Highways Project 100729,Ministry of Road Transport & Highways,Roads & Highways,309.09,292.45,123.22,45.7,Delayed,-5.38,True,False,True,True,contractual disputes and arbitration
100730,Roads & Highways Project 100730,Ministry of Road Transport & Highways,Roads & Highways,463.35,438.02,314.63,91.8,On Track,-5.47,False,False,True,True,
100731,Roads & Highways Project 100731,Ministry of Road Transport & Highways,Roads & Highways,1619.64,1761.26,734.81,49.6,Delayed,8.74,False,False,True,True,contractual disputes and arbitration
100732,Roads & Highways Project 100732,Ministry of Road Transport & Highways,Roads & Highways,722.98,692.07,265.14,47.6,Delayed,-4.28,False,False,True,True,land acquisition delays
100733,Roads & Highways Project 100733,Ministry of Road Transport & Highways,Roads & Highways,331.33,368.61,200.77,81.4,Delayed,11.25,False,False,True,True,financing tie-up delays
100734,Roads & Highways Project 100734,Ministry of Road Transport & Highways,Roads & Highways,1049.6,1142.2,753.74,82.7,Delayed,8.82,False,False,True,True,delays in detailed engineering
100735,Roads & Highways Project 100735,Ministry of Road Transport & Highways,Roads & Highways,1201.63,1128.09,516.82,52.6,Delayed,-6.12,False,False,True,True,contractual disputes and arbitration
100736,Roads & Highways Project 100736,Ministry of Road Transport & Highways,Roads & Highways,376.72,369.47,132.25,41.9,Delayed,-1.92,False,False,True,True,forest/environment clearance delays
100737,Roads & Highways Project 100737,Ministry of Road Transport & Highways,Roads & Highways,265.98,254.68,61.76,35.2,Delayed,-4.25,False,False,True,True,forest/environment clearance delays
100738,Roads & Highways Project 100738,Ministry of Road Transport & Highways,Roads & Highways,1020.02,949.25,517.68,70.1,On Track,-6.94,False,False,True,True,
100739,Roads & Highways Project 100739,Ministry of Road Transport & Highways,Roads & Highways,1958.17,2055.53,846.25,55.5,On Track,4.97,False,False,True,True,
100740,Roads & Highways Project 100740,Ministry of Road Transport & Highways,Roads & Highways,550.87,499.95,222.75,70.4,On Track,-9.24,False,False,True,True,
100741,Roads & Highways Project 100741,Ministry of Road Transport & Highways,Roads & Highways,2757.62,2626.05,1445.33,60.4,On Track,-4.77,False,False,True,True,
100742,Roads & Highways Project 100742,Ministry of Road Transport & Highways,Roads & Highways,1042.9,1134.64,322.54,30.3,Delayed,8.8,False,False,True,True,scope changes and structural revisions
100743,Roads & Highways Project 100743,Ministry of Road Transport & Highways,Roads & Highways,1115.42,1073.1,448.38,56.1,On Track,-3.79,False,False,True,True,
100744,Roads & Highways Project 100744,Ministry of Road Transport & Highways,Roads & Highways,766.6,799.94,540.58,80.9,On Track,4.35,False,False,True,True,
100745,Roads & Highways Project 100745,Ministry of Road Transport & Highways,Roads & Highways,680.22,698.01,332.46,67.7,On Track,2.62,False,False,True,True,
100746,Roads & Highways Project 100746,Ministry of Road Transport & Highways,Roads & Highways,248.42,254.3,171.65,84.8,On Track,2.37,False,False,True,True,
100747,Roads & Highways Project 100747,Ministry of Road Transport & Highways,Roads & Highways,1661.87,1497.29,889.55,73.1,On Track,-9.9,False,False,True,True,
100748,Roads & Highways Project 100748,Ministry of Road Transport & Highways,Roads & Highways,1069.65,984.81,649.36,91.9,On Track,-7.93,False,False,True,True,
100749,Roads & Highways Project 100749,Ministry of Road Transport & Highways,Roads & Highways,587.66,526.8,206.14,52.8,Delayed,-10.36,False,False,True,True,forest/environment clearance delays
100750,Roads & Highways Project 100750,Ministry of Road Transport & Highways,Roads & Highways,449.98,425.63,205.91,67.0,On Track,-5.41,False,False,True,True,
100751,Roads & Highways Project 100751,Ministry of Road Transport & Highways,Roads & Highways,516.75,601.2,214.03,48.5,Delayed,16.34,False,False,True,True,delays in detailed engineering
100752,Roads & Highways Project 100752,Ministry of Road Transport & Highways,Roads & Highways,1073.21,1107.2,297.14,29.5,Delayed,3.17,False,False,True,True,forest/environment clearance delays
100753,Roads & Highways Project 100753,Ministry of Road Transport & Highways,Roads & Highways,874.56,860.76,452.96,63.2,On Track,-1.58,False,False,True,True,
100754,Roads & Highways Project 100754,Ministry of Road Transport & Highways,Roads & Highways,1142.84,1126.75,774.41,79.4,On Track,-1.41,False,False,True,True,
100755,Roads & Highways Project 100755,Ministry of Road Transport & Highways,Roads & Highways,1828.37,1831.41,1003.57,69.1,On Track,0.17,False,False,True,True,
100756,Roads & Highways Project 100756,Ministry of Road Transport & Highways,Roads & Highways,848.1,857.14,550.12,76.7,On Track,1.07,False,False,True,True,
100757,Roads & Highways Project 100757,Ministry of Road Transport & Highways,Roads & Highways,395.58,370.56,208.28,68.0,On Track,-6.32,False,False,True,True,
100758,Roads & Highways Project 100758,Ministry of Road Transport & Highways,Roads & Highways,1053.26,1032.84,218.69,29.1,Delayed,-1.94,False,False,True,True,land acquisition delays
100759,Roads & Highways Project 100759,Ministry of Road Transport & Highways,Roads & Highways,833.58,794.27,234.08,34.1,Delayed,-4.72,False,False,True,True,land acquisition delays
100760,Roads & Highways Project 100760,Ministry of Road Transport & Highways,Roads & Highways,1080.55,1043.87,377.74,48.7,Delayed,-3.39,False,False,True,True,delays in detailed engineering
100761,Roads & Highways Project 100761,Ministry of Road Transport & Highways,Roads & Highways,358.01,335.8,245.68,100.0,Completed,-6.2,False,False,True,True,
100762,Roads & Highways Project 100762,Ministry of Road Transport & Highways,Roads & Highways,975.92,823.18,321.76,56.2,On Track,-15.65,False,False,True,True,
100763,Roads & Highways Project 100763,Ministry of Road Transport & Highways,Roads & Highways,545.68,502.9,101.02,32.1,Delayed,-7.84,False,False,True,True,tendering and ordering delays
100764,Roads & Highways Project 100764,Ministry of Road Transport & Highways,Roads & Highways,1602.41,1667.57,1010.2,74.4,On Track,4.07,False,False,True,True,
100765,Roads & Highways Project 100765,Ministry of Road Transport & Highways,Roads & Highways,2492.07,2500.07,1389.08,58.7,On Track,0.32,False,False,True,True,
100766,Roads & Highways Project 100766,Ministry of Road Transport & Highways,Roads & Highways,629.94,588.62,112.59,21.4,Critical,-6.56,False,False,True,True,delays in detailed engineering
100767,Roads & Highways Project 100767,Ministry of Road Transport & Highways,Roads & Highways,2020.61,1903.45,1214.97,80.7,On Track,-5.8,False,False,True,True,
100768,Roads & Highways Project 100768,Ministry of Road Transport & Highways,Roads & Highways,641.66,617.6,330.63,69.3,On Track,-3.75,False,False,True,True,
100769,Roads & Highways Project 100769,Ministry of Road Transport & Highways,Roads & Highways,558.36,555.47,269.58,61.5,On Track,-0.52,False,False,True,True,
100770,Roads & Highways Project 100770,Ministry of Road Transport & Highways,Roads & Highways,542.48,529.22,278.55,59.1,On Track,-2.44,False,False,True,True,
100771,Roads & Highways Project 100771,Ministry of Road Transport & Highways,Roads & Highways,1274.11,1339.49,1023.04,83.5,On Track,5.13,False,False,True,True,
100772,Roads & Highways Project 100772,Ministry of Road Transport & Highways,Roads & Highways,585.77,554.23,345.73,87.8,On Track,-5.38,True,False,True,True,
100773,Roads & Highways Project 100773,Ministry of Road Transport & Highways,Roads & Highways,1145.78,1105.99,874.84,99.6,Completed,-3.47,False,False,True,True,
100774,Roads & Highways Project 100774,Ministry of Road Transport & Highways,Roads & Highways,693.74,593.76,281.21,57.0,On Track,-14.41,False,False,True,True,
100775,Roads & Highways Project 100775,Ministry of Road Transport & Highways,Roads & Highways,514.82,490.82,304.66,71.9,On Track,-4.66,False,False,True,True,
100776,Roads & Highways Project 100776,Ministry of Road Transport & Highways,Roads & Highways,1131.57,1149.03,195.8,33.2,Delayed,1.54,False,False,True,True,forest/environment clearance delays
100777,Roads & Highways Project 100777,Ministry of Road Transport & Highways,Roads & Highways,628.61,594.77,187.54,39.4,Delayed,-5.38,True,False,True,True,forest/environment clearance delays
100778,Roads & Highways Project 100778,Ministry of Road Transport & Highways,Roads & Highways,700.16,634.55,375.15,72.8,On Track,-9.37,False,False,True,True,
100779,Roads & Highways Project 100779,Ministry of Road Transport & Highways,Roads & Highways,1339.68,1250.0,819.6,86.2,On Track,-6.69,False,False,True,True,
100780,Roads & Highways Project 100780,Ministry of Road Transport & Highways,Roads & Highways,217.26,204.96,106.21,77.3,On Track,-5.66,False,False,True,True,
100781,Roads & Highways Project 100781,Ministry of Road Transport & Highways,Roads & Highways,314.58,303.09,114.14,47.4,Delayed,-3.65,False,False,True,True,delays in detailed engineering
100782,Roads & Highways Project 100782,Ministry of Road Transport & Highways,Roads & Highways,290.07,291.35,164.32,68.2,On Track,0.44,False,False,True,True,
100783,Roads & Highways Project 100783,Ministry of Road Transport & Highways,Roads & Highways,392.62,334.63,108.79,38.8,Delayed,-14.77,False,False,True,True,scope changes and structural revisions
100784,Roads & Highways Project 100784,Ministry of Road Transport & Highways,Roads & Highways,691.66,718.12,432.94,73.2,On Track,3.83,False,False,True,True,
100785,Roads & Highways Project 100785,Ministry of Road Transport & Highways,Roads & Highways,271.13,259.71,205.43,98.8,On Track,-4.21,False,False,True,True,
100786,Roads & Highways Project 100786,Ministry of Road Transport & Highways,Roads & Highways,441.77,434.38,164.61,46.6,Delayed,-1.67,False,False,True,True,financing tie-up delays
100787,Roads & Highways Project 100787,Ministry of Road Transport & Highways,Roads & Highways,492.88,515.52,20.67,23.3,Critical,4.59,False,False,True,True,land acquisition delays
100788,Roads & Highways Project 100788,Ministry of Road Transport & Highways,Roads & Highways,925.31,927.94,495.24,79.9,On Track,0.28,False,False,True,True,
100789,Roads & Highways Project 100789,Ministry of Road Transport & Highways,Roads & Highways,366.83,389.6,263.77,90.6,On Track,6.21,False,False,True,True,
100790,Roads & Highways Project 100790,Ministry of Road Transport & Highways,Roads & Highways,716.77,709.25,547.77,97.8,On Track,-1.05,False,False,True,True,
100791,Roads & Highways Project 100791,Ministry of Road Transport & Highways,Roads & Highways,823.15,848.63,414.87,60.8,On Track,3.1,False,False,True,True,
100792,Roads & Highways Project 100792,Ministry of Road Transport & Highways,Roads & Highways,982.91,986.27,517.24,69.5,On Track,0.34,False,False,True,True,
100793,Roads & Highways Project 100793,Ministry of Road Transport & Highways,Roads & Highways,485.74,432.98,312.12,98.8,On Track,-10.86,False,False,True,True,
100794,Roads & Highways Project 100794,Ministry of Road Transport & Highways,Roads & Highways,574.18,547.52,118.21,25.0,Delayed,-4.64,False,False,True,True,land acquisition delays
100795,Roads & Highways Project 100795,Ministry of Road Transport & Highways,Roads & Highways,1159.21,1140.71,651.59,71.3,On Track,-1.6,False,False,True,True,
100796,Roads & Highways Project 100796,Ministry of Road Transport & Highways,Roads & Highways,971.93,915.39,626.6,80.7,On Track,-5.82,False,False,True,True,
100797,Roads & Highways Project 100797,Ministry of Road Transport & Highways,Roads & Highways,1064.87,882.62,318.75,46.7,Delayed,-17.11,False,False,True,True,contractual disputes and arbitration
100798,Roads & Highways Project 100798,Ministry of Road Transport & Highways,Roads & Highways,733.23,761.14,249.54,48.1,Delayed,3.81,False,False,True,True,land acquisition delays
100799,Roads & Highways Project 100799,Ministry of Road Transport & Highways,Roads & Highways,2683.57,2474.53,1013.42,59.3,On Track,-7.79,False,False,True,True,
100800,Roads & Highways Project 100800,Ministry of Road Transport & Highways,Roads & Highways,574.33,590.97,122.39,27.7,Delayed,2.9,False,False,True,True,delays in detailed engineering
100801,Roads & Highways Project 100801,Ministry of Road Transport & Highways,Roads & Highways,2468.4,2407.81,1271.28,60.1,On Track,-2.45,False,False,True,True,
100802,Roads & Highways Project 100802,Ministry of Road Transport & Highways,Roads & Highways,1275.55,1227.02,669.49,70.3,On Track,-3.8,False,False,True,True,
100803,Roads & Highways Project 100803,Ministry of Road Transport & Highways,Roads & Highways,907.58,799.28,580.95,88.0,On Track,-11.93,False,False,True,True,
100804,Roads & Highways Project 100804,Ministry of Road Transport & Highways,Roads & Highways,721.94,778.54,310.68,56.4,On Track,7.84,False,False,True,True,
100805,Roads & Highways Project 100805,Ministry of Road Transport & Highways,Roads & Highways,998.7,1044.66,773.38,95.6,On Track,4.6,False,False,True,True,
100806,Roads & Highways Project 100806,Ministry of Road Transport & Highways,Roads & Highways,711.53,720.34,224.3,34.7,Delayed,1.24,False,False,True,True,financing tie-up delays
100807,Roads & Highways Project 100807,Ministry of Road Transport & Highways,Roads & Highways,421.97,399.04,141.75,38.4,Delayed,-5.43,False,False,True,True,financing tie-up delays
100808,Roads & Highways Project 100808,Ministry of Road Transport & Highways,Roads & Highways,500.99,489.94,320.26,88.8,On Track,-2.21,False,False,True,True,
100809,Roads & Highways Project 100809,Ministry of Road Transport & Highways,Roads & Highways,616.24,620.33,261.28,52.8,Delayed,0.66,False,False,True,True,geological surprises
100810,Roads & Highways Project 100810,Ministry of Road Transport & Highways,Roads & Highways,871.92,828.1,313.45,51.8,Delayed,-5.03,False,False,True,True,contractual disputes and arbitration
100811,Roads & Highways Project 100811,Ministry of Road Transport & Highways,Roads & Highways,532.8,513.47,370.34,98.4,On Track,-3.63,False,False,True,True,
100812,Roads & Highways Project 100812,Ministry of Road Transport & Highways,Roads & Highways,514.81,532.83,283.24,69.2,On Track,3.5,False,False,True,True,
100813,Roads & Highways Project 100813,Ministry of Road Transport & Highways,Roads & Highways,299.7,270.41,166.7,70.6,On Track,-9.77,False,False,True,True,
100814,Roads & Highways Project 100814,Ministry of Road Transport & Highways,Roads & Highways,1132.44,1036.04,645.35,73.9,On Track,-8.51,False,False,True,True,
100815,Roads & Highways Project 100815,Ministry of Road Transport & Highways,Roads & Highways,559.21,545.22,370.11,88.9,On Track,-2.5,False,False,True,True,
100816,Roads & Highways Project 100816,Ministry of Road Transport & Highways,Roads & Highways,1294.01,1309.23,333.38,31.0,Delayed,1.18,False,False,True,True,forest/environment clearance delays
100817,Roads & Highways Project 100817,Ministry of Road Transport & Highways,Roads & Highways,1044.93,1033.57,348.26,34.9,Delayed,-1.09,False,False,True,True,land acquisition delays
100818,Roads & Highways Project 100818,Ministry of Road Transport & Highways,Roads & Highways,1064.64,952.25,484.79,66.2,On Track,-10.56,False,False,True,True,
100819,Roads & Highways Project 100819,Ministry of Road Transport & Highways,Roads & Highways,361.22,341.77,129.95,50.4,Delayed,-5.38,True,False,True,True,scope changes and structural revisions
100820,Roads & Highways Project 100820,Ministry of Road Transport & Highways,Roads & Highways,3004.58,2896.25,1290.49,59.9,On Track,-3.61,False,False,True,True,
100821,Roads & Highways Project 100821,Ministry of Road Transport & Highways,Roads & Highways,1590.4,1444.88,645.46,58.5,On Track,-9.15,False,False,True,True,
100822,Roads & Highways Project 100822,Ministry of Road Transport & Highways,Roads & Highways,303.48,272.83,52.24,30.3,Delayed,-10.1,False,False,True,True,financing tie-up delays
100823,Roads & Highways Project 100823,Ministry of Road Transport & Highways,Roads & Highways,1181.98,1111.9,870.19,100.0,Completed,-5.93,False,False,True,True,
100824,Roads & Highways Project 100824,Ministry of Road Transport & Highways,Roads & Highways,2084.07,1909.3,894.34,47.7,Delayed,-8.39,False,False,True,True,forest/environment clearance delays
100825,Roads & Highways Project 100825,Ministry of Road Transport & Highways,Roads & Highways,1063.63,1110.51,822.19,96.6,On Track,4.41,False,False,True,True,
100826,Roads & Highways Project 100826,Ministry of Road Transport & Highways,Roads & Highways,455.21,468.21,350.5,89.1,On Track,2.86,False,False,True,True,
100827,Roads & Highways Project 100827,Ministry of Road Transport & Highways,Roads & Highways,2942.71,2590.61,722.13,42.6,Delayed,-11.97,False,False,True,True,financing tie-up delays
100828,Roads & Highways Project 100828,Ministry of Road Transport & Highways,Roads & Highways,381.65,364.85,219.79,71.3,On Track,-4.4,False,False,True,True,
100829,Roads & Highways Project 100829,Ministry of Road Transport & Highways,Roads & Highways,654.24,637.92,341.31,64.4,On Track,-2.49,False,False,True,True,
100830,Roads & Highways Project 100830,Ministry of Road Transport & Highways,Roads & Highways,509.44,482.01,316.7,93.0,On Track,-5.38,True,False,True,True,
100831,Roads & Highways Project 100831,Ministry of Road Transport & Highways,Roads & Highways,1112.38,1085.9,254.08,25.4,Delayed,-2.38,False,False,True,True,land acquisition delays
100832,Roads & Highways Project 100832,Ministry of Road Transport & Highways,Roads & Highways,2794.63,2645.28,1521.21,82.6,On Track,-5.34,False,False,True,True,
100833,Roads & Highways Project 100833,Ministry of Road Transport & Highways,Roads & Highways,356.66,296.89,188.32,85.8,On Track,-16.76,False,False,True,True,
100834,Roads & Highways Project 100834,Ministry of Road Transport & Highways,Roads & Highways,801.79,809.45,395.28,72.6,On Track,0.96,False,False,True,True,
100835,Roads & Highways Project 100835,Ministry of Road Transport & Highways,Roads & Highways,749.79,698.9,549.33,94.8,On Track,-6.79,False,False,True,True,
100836,Roads & Highways Project 100836,Ministry of Road Transport & Highways,Roads & Highways,461.06,436.04,230.82,67.1,On Track,-5.43,False,False,True,True,
100837,Roads & Highways Project 100837,Ministry of Road Transport & Highways,Roads & Highways,676.9,605.41,169.57,36.3,Delayed,-10.56,False,False,True,True,land acquisition delays
100838,Roads & Highways Project 100838,Ministry of Road Transport & Highways,Roads & Highways,574.48,506.57,305.5,65.5,On Track,-11.82,False,False,True,True,
100839,Roads & Highways Project 100839,Ministry of Road Transport & Highways,Roads & Highways,365.08,386.05,217.99,70.1,On Track,5.74,False,False,True,True,
100840,Roads & Highways Project 100840,Ministry of Road Transport & Highways,Roads & Highways,624.1,632.73,295.04,66.5,On Track,1.38,False,False,True,True,
100841,Roads & Highways Project 100841,Ministry of Road Transport & Highways,Roads & Highways,853.4,833.65,396.15,63.5,On Track,-2.31,False,False,True,True,
100842,Roads & Highways Project 100842,Ministry of Road Transport & Highways,Roads & Highways,813.33,764.43,381.85,72.3,On Track,-6.01,False,False,True,True,
100843,Roads & Highways Project 100843,Ministry of Road Transport & Highways,Roads & Highways,979.55,970.29,604.98,79.8,On Track,-0.95,False,False,True,True,
100844,Roads & Highways Project 100844,Ministry of Road Transport & Highways,Roads & Highways,443.26,428.12,222.79,60.2,On Track,-3.42,False,False,True,True,
100845,Roads & Highways Project 100845,Ministry of Road Transport & Highways,Roads & Highways,1088.33,1133.68,612.42,75.2,On Track,4.17,False,False,True,True,
100846,Roads & Highways Project 100846,Ministry of Road Transport & Highways,Roads & Highways,1107.27,1140.58,458.0,50.6,Delayed,3.01,False,False,True,True,land acquisition delays
100847,Roads & Highways Project 100847,Ministry of Road Transport & Highways,Roads & Highways,257.9,249.89,111.16,69.8,On Track,-3.11,False,False,True,True,
100848,Roads & Highways Project 100848,Ministry of Road Transport & Highways,Roads & Highways,528.94,527.42,417.19,99.2,Completed,-0.29,False,False,True,True,
100849,Roads & Highways Project 100849,Ministry of Road Transport & Highways,Roads & Highways,604.91,594.63,247.78,52.6,Delayed,-1.7,False,False,True,True,financing tie-up delays
100850,Roads & Highways Project 100850,Ministry of Road Transport & Highways,Roads & Highways,1703.23,1715.68,1043.68,68.7,On Track,0.73,False,False,True,True,
100851,Roads & Highways Project 100851,Ministry of Road Transport & Highways,Roads & Highways,1177.07,1056.99,791.38,81.7,On Track,-10.2,False,False,True,True,
100852,Roads & Highways Project 100852,Ministry of Road Transport & Highways,Roads & Highways,461.22,424.44,123.12,34.7,Delayed,-7.97,False,False,True,True,tendering and ordering delays
100853,Roads & Highways Project 100853,Ministry of Road Transport & Highways,Roads & Highways,1635.98,1971.32,1075.53,70.5,Delayed,20.5,False,False,True,True,forest/environment clearance delays
100854,Roads & Highways Project 100854,Ministry of Road Transport & Highways,Roads & Highways,1670.55,1616.12,1000.8,94.4,On Track,-3.26,False,False,True,True,
100855,Roads & Highways Project 100855,Ministry of Road Transport & Highways,Roads & Highways,434.54,421.58,92.07,34.8,Delayed,-2.98,False,False,True,True,land acquisition delays
100856,Roads & Highways Project 100856,Ministry of Road Transport & Highways,Roads & Highways,1213.39,1202.19,319.77,26.4,Delayed,-0.92,False,False,True,True,delays in detailed engineering
100857,Roads & Highways Project 100857,Ministry of Road Transport & Highways,Roads & Highways,474.93,441.73,90.72,22.4,Critical,-6.99,False,False,True,True,forest/environment clearance delays
100858,Roads & Highways Project 100858,Ministry of Road Transport & Highways,Roads & Highways,1981.64,1998.96,1304.2,85.6,On Track,0.87,False,False,True,True,
100859,Roads & Highways Project 100859,Ministry of Road Transport & Highways,Roads & Highways,991.06,1003.4,265.15,35.2,Delayed,1.25,False,False,True,True,land acquisition delays
100860,Roads & Highways Project 100860,Ministry of Road Transport & Highways,Roads & Highways,759.94,733.48,524.24,99.0,On Track,-3.48,False,False,True,True,
100861,Roads & Highways Project 100861,Ministry of Road Transport & Highways,Roads & Highways,306.4,292.03,93.19,45.2,Delayed,-4.69,False,False,True,True,forest/environment clearance delays
100862,Roads & Highways Project 100862,Ministry of Road Transport & Highways,Roads & Highways,654.05,706.82,158.03,18.3,Critical,8.07,False,False,True,True,forest/environment clearance delays
100863,Roads & Highways Project 100863,Ministry of Road Transport & Highways,Roads & Highways,1141.1,1127.17,748.82,84.7,On Track,-1.22,False,False,True,True,
100864,Roads & Highways Project 100864,Ministry of Road Transport & Highways,Roads & Highways,320.46,294.11,117.21,53.5,Delayed,-8.22,False,False,True,True,contractual disputes and arbitration
100865,Roads & Highways Project 100865,Ministry of Road Transport & Highways,Roads & Highways,780.18,721.21,270.49,45.9,Delayed,-7.56,False,False,True,True,scope changes and structural revisions
100866,Roads & Highways Project 100866,Ministry of Road Transport & Highways,Roads & Highways,363.31,372.0,141.11,51.4,Delayed,2.39,False,False,True,True,land acquisition delays
100867,Roads & Highways Project 100867,Ministry of Road Transport & Highways,Roads & Highways,307.58,291.02,129.4,59.1,On Track,-5.38,True,False,True,True,
100868,Roads & Highways Project 100868,Ministry of Road Transport & Highways,Roads & Highways,562.94,557.09,342.65,78.4,On Track,-1.04,False,False,True,True,
100869,Roads & Highways Project 100869,Ministry of Road Transport & Highways,Roads & Highways,568.31,562.15,86.67,20.9,Critical,-1.08,False,False,True,True,land acquisition delays
100870,Roads & Highways Project 100870,Ministry of Road Transport & Highways,Roads & Highways,1742.08,1681.03,825.81,61.8,On Track,-3.5,False,False,True,True,
100871,Roads & Highways Project 100871,Ministry of Road Transport & Highways,Roads & Highways,720.9,709.23,467.41,82.1,On Track,-1.62,False,False,True,True,
100872,Roads & Highways Project 100872,Ministry of Road Transport & Highways,Roads & Highways,1001.11,1134.0,779.84,86.2,Delayed,13.27,False,False,True,True,financing tie-up delays
100873,Roads & Highways Project 100873,Ministry of Road Transport & Highways,Roads & Highways,646.08,617.15,413.04,83.5,On Track,-4.48,False,False,True,True,
100874,Roads & Highways Project 100874,Ministry of Road Transport & Highways,Roads & Highways,655.54,698.37,519.09,98.5,On Track,6.53,False,False,True,True,
100875,Roads & Highways Project 100875,Ministry of Road Transport & Highways,Roads & Highways,1530.05,1442.0,550.65,52.3,Delayed,-5.75,False,False,True,True,financing tie-up delays
100876,Roads & Highways Project 100876,Ministry of Road Transport & Highways,Roads & Highways,320.2,314.88,111.86,33.7,Delayed,-1.66,False,False,True,True,geological surprises
100877,Roads & Highways Project 100877,Ministry of Road Transport & Highways,Roads & Highways,1168.23,1131.18,894.77,98.2,On Track,-3.17,False,False,True,True,
100878,Roads & Highways Project 100878,Ministry of Road Transport & Highways,Roads & Highways,343.02,378.67,299.53,97.4,Delayed,10.39,False,False,True,True,forest/environment clearance delays
100879,Roads & Highways Project 100879,Ministry of Road Transport & Highways,Roads & Highways,727.7,659.93,246.46,56.7,On Track,-9.31,False,False,True,True,
100880,Roads & Highways Project 100880,Ministry of Road Transport & Highways,Roads & Highways,867.12,830.25,655.49,89.3,On Track,-4.25,False,False,True,True,
100881,Roads & Highways Project 100881,Ministry of Road Transport & Highways,Roads & Highways,788.8,733.32,352.49,65.1,On Track,-7.03,False,False,True,True,
100882,Roads & Highways Project 100882,Ministry of Road Transport & Highways,Roads & Highways,898.66,827.65,104.49,27.0,Delayed,-7.9,False,False,True,True,financing tie-up delays
100883,Roads & Highways Project 100883,Ministry of Road Transport & Highways,Roads & Highways,756.15,820.9,456.46,70.6,On Track,8.56,False,False,True,True,
100884,Roads & Highways Project 100884,Ministry of Road Transport & Highways,Roads & Highways,2054.94,2058.83,835.91,54.7,Delayed,0.19,False,False,True,True,land acquisition delays
100885,Roads & Highways Project 100885,Ministry of Road Transport & Highways,Roads & Highways,1026.98,936.09,438.56,56.0,On Track,-8.85,False,False,True,True,
100886,Roads & Highways Project 100886,Ministry of Road Transport & Highways,Roads & Highways,797.68,703.56,255.0,42.8,Delayed,-11.8,False,False,True,True,financing tie-up delays
100887,Roads & Highways Project 100887,Ministry of Road Transport & Highways,Roads & Highways,1365.02,1319.05,711.49,69.9,On Track,-3.37,False,False,True,True,
100888,Roads & Highways Project 100888,Ministry of Road Transport & Highways,Roads & Highways,1048.91,1026.96,602.36,76.7,On Track,-2.09,False,False,True,True,
100889,Roads & Highways Project 100889,Ministry of Road Transport & Highways,Roads & Highways,908.1,930.55,329.74,36.9,Delayed,2.47,False,False,True,True,contractual disputes and arbitration
100890,Roads & Highways Project 100890,Ministry of Road Transport & Highways,Roads & Highways,1177.28,1200.83,286.68,37.0,Delayed,2.0,False,False,True,True,forest/environment clearance delays
100891,Roads & Highways Project 100891,Ministry of Road Transport & Highways,Roads & Highways,619.79,616.79,149.47,39.3,Delayed,-0.48,False,False,True,True,tendering and ordering delays
100892,Roads & Highways Project 100892,Ministry of Road Transport & Highways,Roads & Highways,1182.0,1194.81,254.03,25.6,Delayed,1.08,False,False,True,True,contractual disputes and arbitration
100893,Roads & Highways Project 100893,Ministry of Road Transport & Highways,Roads & Highways,848.61,749.93,471.5,79.9,On Track,-11.63,False,False,True,True,
100894,Roads & Highways Project 100894,Ministry of Road Transport & Highways,Roads & Highways,1558.12,1528.9,951.49,67.9,On Track,-1.88,False,False,True,True,
100895,Roads & Highways Project 100895,Ministry of Road Transport & Highways,Roads & Highways,1000.35,1015.78,189.4,23.8,Critical,1.54,False,False,True,True,land acquisition delays
100896,Roads & Highways Project 100896,Ministry of Road Transport & Highways,Roads & Highways,455.07,406.94,301.71,97.8,On Track,-10.58,False,False,True,True,
100897,Roads & Highways Project 100897,Ministry of Road Transport & Highways,Roads & Highways,602.83,567.52,70.66,19.3,Critical,-5.86,False,False,True,True,forest/environment clearance delays
100898,Roads & Highways Project 100898,Ministry of Road Transport & Highways,Roads & Highways,739.15,703.2,124.85,19.0,Critical,-4.86,False,False,True,True,forest/environment clearance delays
100899,Roads & Highways Project 100899,Ministry of Road Transport & Highways,Roads & Highways,896.42,848.16,161.76,19.5,Critical,-5.38,True,False,True,True,scope changes and structural revisions
100900,Roads & Highways Project 100900,Ministry of Road Transport & Highways,Roads & Highways,626.98,645.94,86.69,16.1,Critical,3.02,False,False,True,True,land acquisition delays
100901,Roads & Highways Project 100901,Ministry of Road Transport & Highways,Roads & Highways,608.92,627.15,144.2,23.6,Critical,2.99,False,False,True,True,law-and-order and local right-of-way issues
100902,Roads & Highways Project 100902,Ministry of Road Transport & Highways,Roads & Highways,554.45,548.07,139.16,39.1,Delayed,-1.15,False,False,True,True,delays in detailed engineering
100903,Roads & Highways Project 100903,Ministry of Road Transport & Highways,Roads & Highways,206.71,189.97,76.08,62.5,On Track,-8.1,False,False,True,True,
100904,Roads & Highways Project 100904,Ministry of Road Transport & Highways,Roads & Highways,901.64,829.77,195.49,43.8,Delayed,-7.97,False,False,True,True,forest/environment clearance delays
100905,Roads & Highways Project 100905,Ministry of Road Transport & Highways,Roads & Highways,434.73,426.42,171.86,53.7,Delayed,-1.91,False,False,True,True,land acquisition delays
100906,Roads & Highways Project 100906,Ministry of Road Transport & Highways,Roads & Highways,1270.58,1200.53,694.47,77.6,On Track,-5.51,False,False,True,True,
100907,Roads & Highways Project 100907,Ministry of Road Transport & Highways,Roads & Highways,536.3,512.38,195.86,50.4,Delayed,-4.46,False,False,True,True,geological surprises
100908,Roads & Highways Project 100908,Ministry of Road Transport & Highways,Roads & Highways,362.93,370.19,35.3,16.8,Critical,2.0,False,False,True,True,contractual disputes and arbitration
100909,Roads & Highways Project 100909,Ministry of Road Transport & Highways,Roads & Highways,486.07,480.83,280.98,78.9,On Track,-1.08,False,False,True,True,
100910,Roads & Highways Project 100910,Ministry of Road Transport & Highways,Roads & Highways,225.28,226.36,126.72,63.4,On Track,0.48,False,False,True,True,
100911,Roads & Highways Project 100911,Ministry of Road Transport & Highways,Roads & Highways,757.32,686.36,451.55,87.0,On Track,-9.37,False,False,True,True,
100912,Roads & Highways Project 100912,Ministry of Road Transport & Highways,Roads & Highways,898.86,887.28,679.87,98.6,On Track,-1.29,False,False,True,True,
100913,Roads & Highways Project 100913,Ministry of Road Transport & Highways,Roads & Highways,1209.79,1186.84,672.79,75.1,On Track,-1.9,False,False,True,True,
100914,Roads & Highways Project 100914,Ministry of Road Transport & Highways,Roads & Highways,308.16,291.57,134.4,67.3,On Track,-5.38,True,False,True,True,
100915,Roads & Highways Project 100915,Ministry of Road Transport & Highways,Roads & Highways,515.38,492.33,173.95,41.7,Delayed,-4.47,False,False,True,True,land acquisition delays
100916,Roads & Highways Project 100916,Ministry of Road Transport & Highways,Roads & Highways,598.9,625.66,128.65,29.4,Delayed,4.47,False,False,True,True,land acquisition delays
100917,Roads & Highways Project 100917,Ministry of Road Transport & Highways,Roads & Highways,1077.7,1023.08,189.47,16.5,Critical,-5.07,False,False,True,True,forest/environment clearance delays
100918,Roads & Highways Project 100918,Ministry of Road Transport & Highways,Roads & Highways,1869.11,1974.0,400.89,22.0,Critical,5.61,False,False,True,True,geological surprises
100919,Roads & Highways Project 100919,Ministry of Road Transport & Highways,Roads & Highways,482.86,480.21,182.68,50.6,Delayed,-0.55,False,False,True,True,contractual disputes and arbitration
100920,Roads & Highways Project 100920,Ministry of Road Transport & Highways,Roads & Highways,1241.45,1317.18,614.07,64.8,On Track,6.1,False,False,True,True,
100921,Roads & Highways Project 100921,Ministry of Road Transport & Highways,Roads & Highways,184.92,195.35,129.36,89.6,On Track,5.64,False,False,True,True,
100922,Roads & Highways Project 100922,Ministry of Road Transport & Highways,Roads & Highways,1302.08,1235.92,857.5,82.9,On Track,-5.08,False,False,True,True,
100923,Roads & Highways Project 100923,Ministry of Road Transport & Highways,Roads & Highways,475.72,502.5,304.51,72.4,On Track,5.63,False,False,True,True,
100924,Roads & Highways Project 100924,Ministry of Road Transport & Highways,Roads & Highways,650.84,580.21,204.48,45.8,Delayed,-10.85,False,False,True,True,land acquisition delays
100925,Roads & Highways Project 100925,Ministry of Road Transport & Highways,Roads & Highways,823.16,677.13,396.69,69.5,On Track,-17.74,False,False,True,True,
100926,Roads & Highways Project 100926,Ministry of Road Transport & Highways,Roads & Highways,932.74,919.55,504.27,65.8,On Track,-1.41,False,False,True,True,
100927,Roads & Highways Project 100927,Ministry of Road Transport & Highways,Roads & Highways,656.12,627.57,377.68,80.7,On Track,-4.35,False,False,True,True,
100928,Roads & Highways Project 100928,Ministry of Road Transport & Highways,Roads & Highways,2526.37,2527.37,1999.11,97.5,On Track,0.04,False,False,True,True,
100929,Roads & Highways Project 100929,Ministry of Road Transport & Highways,Roads & Highways,975.79,937.44,496.84,64.2,On Track,-3.93,False,False,True,True,
100930,Roads & Highways Project 100930,Ministry of Road Transport & Highways,Roads & Highways,250.17,242.6,160.06,94.1,On Track,-3.03,False,False,True,True,
100931,Roads & Highways Project 100931,Ministry of Road Transport & Highways,Roads & Highways,1045.27,902.46,83.29,26.5,Delayed,-13.66,False,False,True,True,land acquisition delays
100932,Roads & Highways Project 100932,Ministry of Road Transport & Highways,Roads & Highways,1931.64,2021.41,293.64,13.1,Critical,4.65,False,False,True,True,contractual disputes and arbitration
100933,Roads & Highways Project 100933,Ministry of Road Transport & Highways,Roads & Highways,344.51,366.28,76.92,21.7,Critical,6.32,False,False,True,True,land acquisition delays
100934,Roads & Highways Project 100934,Ministry of Road Transport & Highways,Roads & Highways,532.1,563.25,57.99,21.4,Critical,5.85,False,False,True,True,financing tie-up delays
100935,Roads & Highways Project 100935,Ministry of Road Transport & Highways,Roads & Highways,441.97,419.01,109.02,34.5,Delayed,-5.19,False,False,True,True,financing tie-up delays
100936,Roads & Highways Project 100936,Ministry of Road Transport & Highways,Roads & Highways,2329.06,2197.74,1032.2,55.2,On Track,-5.64,False,False,True,True,
100937,Roads & Highways Project 100937,Ministry of Road Transport & Highways,Roads & Highways,1728.89,1677.31,1241.82,94.3,On Track,-2.98,False,False,True,True,
100938,Roads & Highways Project 100938,Ministry of Road Transport & Highways,Roads & Highways,1421.97,1227.34,220.0,19.7,Critical,-13.69,False,False,True,True,land acquisition delays
100939,Roads & Highways Project 100939,Ministry of Road Transport & Highways,Roads & Highways,645.63,590.29,276.21,60.3,On Track,-8.57,False,False,True,True,
100940,Roads & Highways Project 100940,Ministry of Road Transport & Highways,Roads & Highways,542.65,520.78,367.12,84.6,On Track,-4.03,False,False,True,True,
100941,Roads & Highways Project 100941,Ministry of Road Transport & Highways,Roads & Highways,255.63,269.21,62.67,35.2,Delayed,5.31,False,False,True,True,forest/environment clearance delays
100942,Roads & Highways Project 100942,Ministry of Road Transport & Highways,Roads & Highways,174.53,166.77,78.16,57.4,On Track,-4.45,False,False,True,True,
100943,Roads & Highways Project 100943,Ministry of Road Transport & Highways,Roads & Highways,250.62,215.3,80.49,57.5,On Track,-14.09,False,False,True,True,
100944,Roads & Highways Project 100944,Ministry of Road Transport & Highways,Roads & Highways,2529.71,2614.31,1508.44,74.8,On Track,3.34,False,False,True,True,
100945,Roads & Highways Project 100945,Ministry of Road Transport & Highways,Roads & Highways,347.47,317.23,230.22,92.4,On Track,-8.7,False,False,True,True,
100946,Roads & Highways Project 100946,Ministry of Road Transport & Highways,Roads & Highways,183.12,180.96,142.89,97.4,On Track,-1.18,False,False,True,True,
100947,Roads & Highways Project 100947,Ministry of Road Transport & Highways,Roads & Highways,127.02,120.8,82.29,87.2,On Track,-4.9,False,False,True,True,
100948,Roads & Highways Project 100948,Ministry of Road Transport & Highways,Roads & Highways,794.23,751.47,29.14,9.6,Critical,-5.38,True,False,True,True,forest/environment clearance delays
100949,Roads & Highways Project 100949,Ministry of Road Transport & Highways,Roads & Highways,2040.42,1930.56,988.11,69.8,On Track,-5.38,True,False,True,True,
100950,Roads & Highways Project 100950,Ministry of Road Transport & Highways,Roads & Highways,511.46,511.37,244.53,66.0,On Track,-0.02,False,False,True,True,
100951,Roads & Highways Project 100951,Ministry of Road Transport & Highways,Roads & Highways,960.34,908.64,315.45,34.2,Delayed,-5.38,True,False,True,True,scope changes and structural revisions
100952,Roads & Highways Project 100952,Ministry of Road Transport & Highways,Roads & Highways,1809.73,1665.24,1074.45,84.3,On Track,-7.98,False,False,True,True,
100953,Roads & Highways Project 100953,Ministry of Road Transport & Highways,Roads & Highways,1293.84,1515.71,613.47,49.5,Delayed,17.15,False,False,True,True,tendering and ordering delays
100954,Roads & Highways Project 100954,Ministry of Road Transport & Highways,Roads & Highways,2698.55,2522.29,808.61,45.3,Delayed,-6.53,False,False,True,True,forest/environment clearance delays
100955,Roads & Highways Project 100955,Ministry of Road Transport & Highways,Roads & Highways,1337.19,1420.52,1012.93,95.4,On Track,6.23,False,False,True,True,
100956,Roads & Highways Project 100956,Ministry of Road Transport & Highways,Roads & Highways,561.51,514.04,296.82,63.2,On Track,-8.45,False,False,True,True,
100957,Roads & Highways Project 100957,Ministry of Road Transport & Highways,Roads & Highways,574.81,572.49,396.37,100.0,Completed,-0.4,False,False,True,True,
100958,Roads & Highways Project 100958,Ministry of Road Transport & Highways,Roads & Highways,519.75,467.17,244.98,72.2,On Track,-10.12,False,False,True,True,
100959,Roads & Highways Project 100959,Ministry of Road Transport & Highways,Roads & Highways,823.49,765.39,393.58,61.3,On Track,-7.06,False,False,True,True,
100960,Roads & Highways Project 100960,Ministry of Road Transport & Highways,Roads & Highways,1012.92,971.62,406.66,57.9,On Track,-4.08,False,False,True,True,
100961,Roads & Highways Project 100961,Ministry of Road Transport & Highways,Roads & Highways,1008.2,925.5,224.05,36.1,Delayed,-8.2,False,False,True,True,forest/environment clearance delays
100962,Roads & Highways Project 100962,Ministry of Road Transport & Highways,Roads & Highways,1123.57,1063.08,632.74,71.0,On Track,-5.38,True,False,True,True,
100963,Roads & Highways Project 100963,Ministry of Road Transport & Highways,Roads & Highways,231.67,231.07,146.98,81.5,On Track,-0.26,False,False,True,True,
100964,Roads & Highways Project 100964,Ministry of Road Transport & Highways,Roads & Highways,660.61,604.44,325.78,61.8,On Track,-8.5,False,False,True,True,
100965,Roads & Highways Project 100965,Ministry of Road Transport & Highways,Roads & Highways,460.88,479.03,184.56,42.9,Delayed,3.94,False,False,True,True,tendering and ordering delays
100966,Roads & Highways Project 100966,Ministry of Road Transport & Highways,Roads & Highways,373.35,361.6,114.58,43.1,Delayed,-3.15,False,False,True,True,land acquisition delays
100967,Roads & Highways Project 100967,Ministry of Road Transport & Highways,Roads & Highways,251.19,238.8,159.3,87.6,On Track,-4.93,False,False,True,True,
100968,Roads & Highways Project 100968,Ministry of Road Transport & Highways,Roads & Highways,1312.79,1241.31,831.69,76.6,On Track,-5.44,False,False,True,True,
100969,Roads & Highways Project 100969,Ministry of Road Transport & Highways,Roads & Highways,3033.86,2780.11,2199.07,98.1,On Track,-8.36,False,False,True,True,
100970,Roads & Highways Project 100970,Ministry of Road Transport & Highways,Roads & Highways,89.04,84.7,11.61,26.2,Delayed,-4.87,False,False,True,True,forest/environment clearance delays
100971,Roads & Highways Project 100971,Ministry of Road Transport & Highways,Roads & Highways,818.64,775.94,402.26,74.1,On Track,-5.22,False,False,True,True,
100972,Roads & Highways Project 100972,Ministry of Road Transport & Highways,Roads & Highways,436.59,397.8,102.94,33.3,Delayed,-8.88,False,False,True,True,delays in detailed engineering
100973,Roads & Highways Project 100973,Ministry of Road Transport & Highways,Roads & Highways,1183.17,1144.21,374.96,43.2,Delayed,-3.29,False,False,True,True,law-and-order and local right-of-way issues
100974,Roads & Highways Project 100974,Ministry of Road Transport & Highways,Roads & Highways,6075.51,6353.07,4440.81,99.8,Completed,4.57,False,False,True,True,
100975,Roads & Highways Project 100975,Ministry of Road Transport & Highways,Roads & Highways,464.83,468.99,151.11,41.9,Delayed,0.89,False,False,True,True,delays in detailed engineering
100976,Roads & Highways Project 100976,Ministry of Road Transport & Highways,Roads & Highways,724.19,704.09,225.56,47.1,Delayed,-2.78,False,False,True,True,land acquisition delays
100977,Roads & Highways Project 100977,Ministry of Road Transport & Highways,Roads & Highways,664.06,600.56,165.67,41.8,Delayed,-9.56,False,False,True,True,financing tie-up delays
100978,Roads & Highways Project 100978,Ministry of Road Transport & Highways,Roads & Highways,741.27,694.93,282.83,46.2,Delayed,-6.25,False,False,True,True,land acquisition delays
100979,Roads & Highways Project 100979,Ministry of Road Transport & Highways,Roads & Highways,1078.99,1046.59,782.17,98.8,On Track,-3.0,False,False,True,True,
100980,Roads & Highways Project 100980,Ministry of Road Transport & Highways,Roads & Highways,317.99,311.84,54.56,26.0,Delayed,-1.93,False,False,True,True,tendering and ordering delays
100981,Roads & Highways Project 100981,Ministry of Road Transport & Highways,Roads & Highways,156.39,159.78,25.69,19.8,Critical,2.17,False,False,True,True,contractual disputes and arbitration
100982,Roads & Highways Project 100982,Ministry of Road Transport & Highways,Roads & Highways,436.78,430.32,232.3,67.8,On Track,-1.48,False,False,True,True,
100983,Roads & Highways Project 100983,Ministry of Road Transport & Highways,Roads & Highways,359.24,354.13,125.76,47.5,Delayed,-1.42,False,False,True,True,financing tie-up delays
100984,Roads & Highways Project 100984,Ministry of Road Transport & Highways,Roads & Highways,2087.34,2087.35,1125.97,67.2,On Track,0.0,False,False,True,True,
100985,Roads & Highways Project 100985,Ministry of Road Transport & Highways,Roads & Highways,534.64,511.25,404.4,98.4,On Track,-4.37,False,False,True,True,
100986,Roads & Highways Project 100986,Ministry of Road Transport & Highways,Roads & Highways,476.79,500.18,377.32,98.3,On Track,4.91,False,False,True,True,
100987,Roads & Highways Project 100987,Ministry of Road Transport & Highways,Roads & Highways,2692.08,2667.03,1332.44,62.8,On Track,-0.93,False,False,True,True,
100988,Roads & Highways Project 100988,Ministry of Road Transport & Highways,Roads & Highways,473.09,472.3,305.8,82.7,On Track,-0.17,False,False,True,True,
100989,Roads & Highways Project 100989,Ministry of Road Transport & Highways,Roads & Highways,3943.53,3635.15,929.35,40.9,Delayed,-7.82,False,False,True,True,delays in detailed engineering
100990,Roads & Highways Project 100990,Ministry of Road Transport & Highways,Roads & Highways,639.96,567.9,146.9,21.1,Critical,-11.26,False,False,True,True,forest/environment clearance delays
100991,Roads & Highways Project 100991,Ministry of Road Transport & Highways,Roads & Highways,653.72,630.56,305.69,63.9,On Track,-3.54,False,False,True,True,
100992,Roads & Highways Project 100992,Ministry of Road Transport & Highways,Roads & Highways,1208.42,1099.8,532.26,68.2,On Track,-8.99,False,False,True,True,
100993,Roads & Highways Project 100993,Ministry of Road Transport & Highways,Roads & Highways,567.35,522.45,199.93,49.9,Delayed,-7.91,False,False,True,True,scope changes and structural revisions
100994,Roads & Highways Project 100994,Ministry of Road Transport & Highways,Roads & Highways,353.36,319.39,191.51,74.6,On Track,-9.61,False,False,True,True,
100995,Roads & Highways Project 100995,Ministry of Road Transport & Highways,Roads & Highways,616.06,674.33,533.4,100.0,Completed,9.46,False,False,True,True,
100996,Roads & Highways Project 100996,Ministry of Road Transport & Highways,Roads & Highways,880.76,866.35,146.44,31.7,Delayed,-1.64,False,False,True,True,land acquisition delays
100997,Roads & Highways Project 100997,Ministry of Road Transport & Highways,Roads & Highways,378.18,372.89,283.94,99.8,Completed,-1.4,False,False,True,True,
100998,Roads & Highways Project 100998,Ministry of Road Transport & Highways,Roads & Highways,499.02,486.06,234.53,69.2,On Track,-2.6,False,False,True,True,
100999,Roads & Highways Project 100999,Ministry of Road Transport & Highways,Roads & Highways,1192.86,1163.79,473.64,46.1,Delayed,-2.44,False,False,True,True,forest/environment clearance delays
101000,Roads & Highways Project 101000,Ministry of Road Transport & Highways,Roads & Highways,199.69,186.43,94.79,65.8,On Track,-6.64,False,False,True,True,
101001,Roads & Highways Project 101001,Ministry of Road Transport & Highways,Roads & Highways,1524.62,1515.67,981.18,82.9,On Track,-0.59,False,False,True,True,
101002,Roads & Highways Project 101002,Ministry of Road Transport & Highways,Roads & Highways,792.51,755.71,224.28,38.7,Delayed,-4.64,False,False,True,True,geological surprises
101003,Roads & Highways Project 101003,Ministry of Road Transport & Highways,Roads & Highways,844.9,799.41,470.21,76.6,On Track,-5.38,True,False,True,True,
101004,Roads & Highways Project 101004,Ministry of Road Transport & Highways,Roads & Highways,1128.42,1252.52,468.63,42.3,Delayed,11.0,False,False,True,True,forest/environment clearance delays
101005,Railways Project 101005,Ministry of Railways,Railways,930.79,1005.32,245.94,28.0,Delayed,8.01,False,False,True,True,land acquisition delays
101006,Railways Project 101006,Ministry of Railways,Railways,2477.22,2770.79,774.63,37.6,Delayed,11.85,False,False,True,True,land acquisition delays
101007,Railways Project 101007,Ministry of Railways,Railways,1235.73,1169.19,924.84,99.7,Completed,-5.38,True,False,True,True,
101008,Railways Project 101008,Ministry of Railways,Railways,7394.07,8303.47,1671.71,25.4,Delayed,12.3,False,False,True,True,forest/environment clearance delays
101009,Railways Project 101009,Ministry of Railways,Railways,2612.02,3038.93,838.48,36.1,Delayed,16.34,False,False,True,True,scope changes and structural revisions
101010,Railways Project 101010,Ministry of Railways,Railways,2035.62,2265.8,736.48,41.3,Delayed,11.31,False,False,True,True,delays in detailed engineering
101011,Railways Project 101011,Ministry of Railways,Railways,4366.94,5520.86,4339.38,91.9,Delayed,26.42,False,False,True,True,financing tie-up delays
101012,Railways Project 101012,Ministry of Railways,Railways,9614.95,11703.44,3888.4,40.0,Delayed,21.72,False,False,True,True,land acquisition delays
101013,Railways Project 101013,Ministry of Railways,Railways,4985.46,4478.84,2134.35,61.4,On Track,-10.16,False,False,True,True,
101014,Railways Project 101014,Ministry of Railways,Railways,3830.06,4434.41,1186.64,37.9,Delayed,15.78,False,False,True,True,scope changes and structural revisions
101015,Railways Project 101015,Ministry of Railways,Railways,4508.9,4735.59,2407.53,61.1,On Track,5.03,False,False,True,True,
101016,Railways Project 101016,Ministry of Railways,Railways,4303.76,5908.48,2558.27,55.0,Delayed,37.29,False,False,True,True,tendering and ordering delays
101017,Railways Project 101017,Ministry of Railways,Railways,1933.11,2137.86,350.7,31.4,Delayed,10.59,False,False,True,True,financing tie-up delays
101018,Railways Project 101018,Ministry of Railways,Railways,17867.48,22849.96,15206.32,86.4,Delayed,27.89,False,False,True,True,land acquisition delays
101019,Railways Project 101019,Ministry of Railways,Railways,5712.82,6204.54,3533.94,67.2,On Track,8.61,False,False,True,True,
101020,Railways Project 101020,Ministry of Railways,Railways,4063.28,5639.73,4461.03,98.5,Delayed,38.8,False,False,True,True,land acquisition delays
101021,Railways Project 101021,Ministry of Railways,Railways,2658.23,3216.0,1994.54,74.9,Delayed,20.98,False,False,True,True,financing tie-up delays
101022,Railways Project 101022,Ministry of Railways,Railways,2356.77,2875.02,259.61,16.6,Critical,21.99,False,False,True,True,forest/environment clearance delays
101023,Railways Project 101023,Ministry of Railways,Railways,4597.32,5088.65,3146.0,79.2,Delayed,10.69,False,False,True,True,law-and-order and local right-of-way issues
101024,Railways Project 101024,Ministry of Railways,Railways,2789.35,3194.76,2298.95,100.0,Completed,14.53,False,False,True,True,
101025,Railways Project 101025,Ministry of Railways,Railways,3119.9,3053.34,2415.19,100.0,Completed,-2.13,False,False,True,True,
101026,Railways Project 101026,Ministry of Railways,Railways,4128.16,4296.77,166.61,16.8,Critical,4.08,False,False,True,True,land acquisition delays
101027,Railways Project 101027,Ministry of Railways,Railways,5557.62,6926.29,2735.35,43.8,Delayed,24.63,False,False,True,True,land acquisition delays
101028,Railways Project 101028,Ministry of Railways,Railways,3809.86,4333.29,2422.97,73.4,Delayed,13.74,False,False,True,True,land acquisition delays
101029,Railways Project 101029,Ministry of Railways,Railways,1779.94,2381.45,879.1,43.2,Delayed,33.79,False,False,True,True,law-and-order and local right-of-way issues
101030,Railways Project 101030,Ministry of Railways,Railways,849.86,978.06,358.36,55.3,Delayed,15.08,False,False,True,True,land acquisition delays
101031,Railways Project 101031,Ministry of Railways,Railways,800.81,954.02,306.61,45.5,Delayed,19.13,False,False,True,True,forest/environment clearance delays
101032,Railways Project 101032,Ministry of Railways,Railways,902.28,1055.05,498.55,63.6,Delayed,16.93,False,False,True,True,scope changes and structural revisions
101033,Railways Project 101033,Ministry of Railways,Railways,1567.37,1828.46,841.91,62.1,Delayed,16.66,False,False,True,True,forest/environment clearance delays
101034,Railways Project 101034,Ministry of Railways,Railways,2052.5,2102.73,480.77,39.8,Delayed,2.45,False,False,True,True,financing tie-up delays
101035,Railways Project 101035,Ministry of Railways,Railways,1727.07,2123.17,827.05,53.6,Delayed,22.93,False,False,True,True,contractual disputes and arbitration
101036,Railways Project 101036,Ministry of Railways,Railways,3751.62,4220.84,1972.27,59.8,Delayed,12.51,False,False,True,True,land acquisition delays
101037,Railways Project 101037,Ministry of Railways,Railways,4107.9,4803.32,3484.97,89.5,Delayed,16.93,False,False,True,True,forest/environment clearance delays
101038,Railways Project 101038,Ministry of Railways,Railways,4642.96,4583.14,3448.68,98.4,On Track,-1.29,False,False,True,True,
101039,Railways Project 101039,Ministry of Railways,Railways,3692.98,3726.33,2354.0,85.2,On Track,0.9,False,False,True,True,
101040,Railways Project 101040,Ministry of Railways,Railways,2854.2,3470.92,862.28,30.5,Delayed,21.61,False,False,True,True,land acquisition delays
101041,Railways Project 101041,Ministry of Railways,Railways,3433.03,3248.18,1904.51,79.8,On Track,-5.38,True,False,True,True,
101042,Railways Project 101042,Ministry of Railways,Railways,3189.66,3828.78,1331.29,33.5,Delayed,20.04,False,False,True,True,forest/environment clearance delays
101043,Railways Project 101043,Ministry of Railways,Railways,1473.57,1786.56,523.95,47.0,Delayed,21.24,False,False,True,True,geological surprises
101044,Railways Project 101044,Ministry of Railways,Railways,2292.16,2756.14,1050.03,45.7,Delayed,20.24,False,False,True,True,contractual disputes and arbitration
101045,Railways Project 101045,Ministry of Railways,Railways,1147.97,1217.54,963.07,98.8,On Track,6.06,False,False,True,True,
101046,Railways Project 101046,Ministry of Railways,Railways,4553.19,5716.73,1975.56,44.5,Delayed,25.55,False,False,True,True,tendering and ordering delays
101047,Railways Project 101047,Ministry of Railways,Railways,4152.22,5234.35,2638.23,57.4,Delayed,26.06,False,False,True,True,financing tie-up delays
101048,Railways Project 101048,Ministry of Railways,Railways,2433.7,2321.79,881.94,56.7,On Track,-4.6,False,False,True,True,
101049,Railways Project 101049,Ministry of Railways,Railways,6010.53,5686.9,2885.31,57.2,On Track,-5.38,True,False,True,True,
101050,Railways Project 101050,Ministry of Railways,Railways,3578.79,3517.51,1313.87,41.4,Delayed,-1.71,False,False,True,True,land acquisition delays
101051,Railways Project 101051,Ministry of Railways,Railways,3044.52,3786.92,1179.1,50.3,Delayed,24.38,False,False,True,True,delays in detailed engineering
101052,Railways Project 101052,Ministry of Railways,Railways,4766.14,4509.51,2523.72,79.2,On Track,-5.38,True,False,True,True,
101053,Railways Project 101053,Ministry of Railways,Railways,2387.14,2708.93,1956.36,97.4,Delayed,13.48,False,False,True,True,forest/environment clearance delays
101054,Railways Project 101054,Ministry of Railways,Railways,3343.95,4063.82,2824.49,95.5,Delayed,21.53,False,False,True,True,land acquisition delays
101055,Railways Project 101055,Ministry of Railways,Railways,6128.73,5798.74,4097.53,95.6,On Track,-5.38,True,False,True,True,
101056,Railways Project 101056,Ministry of Railways,Railways,3806.98,4371.67,437.34,20.4,Critical,14.83,False,False,True,True,land acquisition delays
101057,Railways Project 101057,Ministry of Railways,Railways,3503.55,4172.26,1076.66,37.8,Delayed,19.09,False,False,True,True,financing tie-up delays
101058,Railways Project 101058,Ministry of Railways,Railways,2999.14,4147.67,3217.36,89.6,Delayed,38.3,False,False,True,True,scope changes and structural revisions
101059,Railways Project 101059,Ministry of Railways,Railways,3504.67,4103.9,1862.36,50.2,Delayed,17.1,False,False,True,True,land acquisition delays
101060,Railways Project 101060,Ministry of Railways,Railways,866.66,927.28,703.69,100.0,Completed,6.99,False,False,True,True,
101061,Railways Project 101061,Ministry of Railways,Railways,19652.88,21701.86,13185.49,77.4,Delayed,10.43,False,False,True,True,scope changes and structural revisions
101062,Railways Project 101062,Ministry of Railways,Railways,2118.96,2576.13,1119.31,51.1,Delayed,21.58,False,False,True,True,contractual disputes and arbitration
101063,Railways Project 101063,Ministry of Railways,Railways,11714.36,14031.1,3566.84,36.3,Delayed,19.78,False,False,True,True,forest/environment clearance delays
101064,Railways Project 101064,Ministry of Railways,Railways,6051.17,7804.56,4345.94,77.8,Delayed,28.98,False,False,True,True,land acquisition delays
101065,Railways Project 101065,Ministry of Railways,Railways,2934.45,3467.82,2007.78,75.8,Delayed,18.18,False,False,True,True,financing tie-up delays
101066,Railways Project 101066,Ministry of Railways,Railways,3056.24,3670.66,1882.59,58.5,Delayed,20.1,False,False,True,True,forest/environment clearance delays
101067,Railways Project 101067,Ministry of Railways,Railways,2520.02,3133.42,1922.04,82.1,Delayed,24.34,False,False,True,True,contractual disputes and arbitration
101068,Railways Project 101068,Ministry of Railways,Railways,1998.29,2273.57,1024.99,51.6,Delayed,13.78,False,False,True,True,land acquisition delays
101069,Railways Project 101069,Ministry of Railways,Railways,2375.12,2644.4,465.97,29.8,Delayed,11.34,False,False,True,True,delays in detailed engineering
101070,Railways Project 101070,Ministry of Railways,Railways,4829.27,4569.25,313.28,20.9,Critical,-5.38,True,False,True,True,tendering and ordering delays
101071,Railways Project 101071,Ministry of Railways,Railways,3825.92,4748.52,3756.08,96.6,Delayed,24.11,False,False,True,True,land acquisition delays
101072,Railways Project 101072,Ministry of Railways,Railways,2313.17,3040.87,2065.28,85.7,Delayed,31.46,False,False,True,True,forest/environment clearance delays
101073,Railways Project 101073,Ministry of Railways,Railways,2750.9,2703.79,1196.01,59.0,On Track,-1.71,False,False,True,True,
101074,Railways Project 101074,Ministry of Railways,Railways,3601.4,4180.0,3293.44,100.0,Completed,16.07,False,False,True,True,
101075,Railways Project 101075,Ministry of Railways,Railways,1598.94,1881.51,1057.55,72.8,Delayed,17.67,False,False,True,True,land acquisition delays
101076,Railways Project 101076,Ministry of Railways,Railways,590.44,685.5,267.31,44.2,Delayed,16.1,False,False,True,True,contractual disputes and arbitration
101077,Railways Project 101077,Ministry of Railways,Railways,3477.34,3972.48,2483.11,89.2,Delayed,14.24,False,False,True,True,land acquisition delays
101078,Railways Project 101078,Ministry of Railways,Railways,2279.36,2755.07,1335.86,55.7,Delayed,20.87,False,False,True,True,contractual disputes and arbitration
101079,Railways Project 101079,Ministry of Railways,Railways,6625.0,8799.27,341.19,6.2,Critical,32.82,False,False,True,True,land acquisition delays
101080,Railways Project 101080,Ministry of Railways,Railways,3012.3,3857.3,1181.15,41.1,Delayed,28.05,False,False,True,True,financing tie-up delays
101081,Railways Project 101081,Ministry of Railways,Railways,3968.5,4450.58,934.55,30.7,Delayed,12.15,False,False,True,True,financing tie-up delays
101082,Railways Project 101082,Ministry of Railways,Railways,4550.91,5041.18,1505.12,31.7,Delayed,10.77,False,False,True,True,delays in detailed engineering
101083,Railways Project 101083,Ministry of Railways,Railways,1570.95,2006.94,1153.13,67.1,Delayed,27.75,False,False,True,True,forest/environment clearance delays
101084,Railways Project 101084,Ministry of Railways,Railways,1256.35,1611.32,428.27,29.2,Delayed,28.25,False,False,True,True,land acquisition delays
101085,Railways Project 101085,Ministry of Railways,Railways,1870.74,2040.16,506.44,40.4,Delayed,9.06,False,False,True,True,land acquisition delays
101086,Railways Project 101086,Ministry of Railways,Railways,1722.5,1834.57,1201.22,87.7,On Track,6.51,False,False,True,True,
101087,Railways Project 101087,Ministry of Railways,Railways,1798.34,2044.22,1463.16,97.1,Delayed,13.67,False,False,True,True,geological surprises
101088,Railways Project 101088,Ministry of Railways,Railways,2984.65,3109.3,669.37,32.3,Delayed,4.18,False,False,True,True,geological surprises
101089,Railways Project 101089,Ministry of Railways,Railways,1825.81,2495.29,810.72,45.2,Delayed,36.67,False,False,True,True,scope changes and structural revisions
101090,Railways Project 101090,Ministry of Railways,Railways,9322.15,10394.75,1694.57,22.2,Critical,11.51,False,False,True,True,financing tie-up delays
101091,Railways Project 101091,Ministry of Railways,Railways,1721.76,2082.15,904.37,62.4,Delayed,20.93,False,False,True,True,land acquisition delays
101092,Railways Project 101092,Ministry of Railways,Railways,1062.52,1189.27,544.94,58.3,Delayed,11.93,False,False,True,True,forest/environment clearance delays
101093,Railways Project 101093,Ministry of Railways,Railways,5897.17,6755.06,4129.56,82.6,Delayed,14.55,False,False,True,True,land acquisition delays
101094,Railways Project 101094,Ministry of Railways,Railways,5296.46,5571.27,1381.47,32.0,Delayed,5.19,False,False,True,True,land acquisition delays
101095,Railways Project 101095,Ministry of Railways,Railways,1755.25,1727.93,975.6,62.5,On Track,-1.56,False,False,True,True,
101096,Railways Project 101096,Ministry of Railways,Railways,884.51,915.72,724.33,99.7,Completed,3.53,False,False,True,True,
101097,Railways Project 101097,Ministry of Railways,Railways,2682.02,2897.25,1551.46,62.8,On Track,8.02,False,False,True,True,
101098,Railways Project 101098,Ministry of Railways,Railways,6471.29,7777.64,2180.11,34.4,Delayed,20.19,False,False,True,True,financing tie-up delays
101099,Railways Project 101099,Ministry of Railways,Railways,2294.58,2721.74,1883.39,79.3,Delayed,18.62,False,False,True,True,contractual disputes and arbitration
101100,Railways Project 101100,Ministry of Railways,Railways,5091.63,6030.89,3775.66,74.0,Delayed,18.45,False,False,True,True,forest/environment clearance delays
101101,Railways Project 101101,Ministry of Railways,Railways,2078.63,2491.21,472.22,25.5,Delayed,19.85,False,False,True,True,forest/environment clearance delays
101102,Railways Project 101102,Ministry of Railways,Railways,824.17,993.91,308.89,33.5,Delayed,20.6,False,False,True,True,scope changes and structural revisions
101103,Railways Project 101103,Ministry of Railways,Railways,4615.44,5104.7,3613.6,89.5,Delayed,10.6,False,False,True,True,land acquisition delays
101104,Railways Project 101104,Ministry of Railways,Railways,5358.49,6283.44,2219.64,54.2,Delayed,17.26,False,False,True,True,tendering and ordering delays
101105,Railways Project 101105,Ministry of Railways,Railways,1416.54,1791.92,1174.3,75.9,Delayed,26.5,False,False,True,True,delays in detailed engineering
101106,Railways Project 101106,Ministry of Railways,Railways,2448.02,2740.95,1201.17,62.5,Delayed,11.97,False,False,True,True,land acquisition delays
101107,Railways Project 101107,Ministry of Railways,Railways,4364.17,4620.76,2635.73,68.8,On Track,5.88,False,False,True,True,
101108,Railways Project 101108,Ministry of Railways,Railways,2196.28,2349.8,1381.74,80.1,On Track,6.99,False,False,True,True,
101109,Railways Project 101109,Ministry of Railways,Railways,4609.82,4313.79,2438.91,77.2,On Track,-6.42,False,False,True,True,
101110,Railways Project 101110,Ministry of Railways,Railways,2129.68,2495.14,1973.66,99.6,Completed,17.16,False,False,True,True,
101111,Railways Project 101111,Ministry of Railways,Railways,1890.98,2466.72,1390.64,83.3,Delayed,30.45,False,False,True,True,delays in detailed engineering
101112,Railways Project 101112,Ministry of Railways,Railways,6268.97,7604.74,3024.47,44.7,Delayed,21.31,False,False,True,True,contractual disputes and arbitration
101113,Railways Project 101113,Ministry of Railways,Railways,3135.58,3522.61,1238.39,46.9,Delayed,12.34,False,False,True,True,land acquisition delays
101114,Railways Project 101114,Ministry of Railways,Railways,6485.64,6136.43,3730.85,81.9,On Track,-5.38,True,False,True,True,
101115,Railways Project 101115,Ministry of Railways,Railways,2500.86,3155.32,2495.87,100.0,Completed,26.17,False,False,True,True,
101116,Railways Project 101116,Ministry of Railways,Railways,1052.52,1195.63,787.3,76.5,Delayed,13.6,False,False,True,True,contractual disputes and arbitration
101117,Railways Project 101117,Ministry of Railways,Railways,6134.17,6607.66,2319.74,55.3,On Track,7.72,False,False,True,True,
101118,Railways Project 101118,Ministry of Railways,Railways,600.58,743.15,190.59,30.1,Delayed,23.74,False,False,True,True,contractual disputes and arbitration
101119,Railways Project 101119,Ministry of Railways,Railways,3174.07,3286.74,1569.71,65.7,On Track,3.55,False,False,True,True,
101120,Railways Project 101120,Ministry of Railways,Railways,2000.8,2073.44,801.17,50.3,Delayed,3.63,False,False,True,True,forest/environment clearance delays
101121,Railways Project 101121,Ministry of Railways,Railways,9873.31,11440.43,6628.07,78.3,Delayed,15.87,False,False,True,True,geological surprises
101122,Railways Project 101122,Ministry of Railways,Railways,1823.49,2236.69,997.31,46.5,Delayed,22.66,False,False,True,True,geological surprises
101123,Railways Project 101123,Ministry of Railways,Railways,1455.4,1544.2,1152.18,96.6,On Track,6.1,False,False,True,True,
101124,Railways Project 101124,Ministry of Railways,Railways,3052.58,3382.82,1403.08,59.1,Delayed,10.82,False,False,True,True,land acquisition delays
101125,Railways Project 101125,Ministry of Railways,Railways,4541.43,5759.73,1798.27,47.0,Delayed,26.83,False,False,True,True,land acquisition delays
101126,Railways Project 101126,Ministry of Railways,Railways,694.01,597.25,388.27,91.7,On Track,-13.94,False,False,True,True,
101127,Railways Project 101127,Ministry of Railways,Railways,1246.58,1416.85,646.1,66.9,Delayed,13.66,False,False,True,True,land acquisition delays
101128,Railways Project 101128,Ministry of Railways,Railways,4140.32,4661.46,1317.77,29.9,Delayed,12.59,False,False,True,True,financing tie-up delays
101129,Railways Project 101129,Ministry of Railways,Railways,2852.49,3454.03,1552.09,52.4,Delayed,21.09,False,False,True,True,contractual disputes and arbitration
101130,Railways Project 101130,Ministry of Railways,Railways,3405.63,4152.61,2104.44,73.4,Delayed,21.93,False,False,True,True,tendering and ordering delays
101131,Railways Project 101131,Ministry of Railways,Railways,2374.64,2476.58,1362.73,59.9,On Track,4.29,False,False,True,True,
101132,Railways Project 101132,Ministry of Railways,Railways,2193.18,2558.72,391.85,22.0,Critical,16.67,False,False,True,True,forest/environment clearance delays
101133,Railways Project 101133,Ministry of Railways,Railways,1385.97,1754.1,770.39,58.2,Delayed,26.56,False,False,True,True,land acquisition delays
101134,Railways Project 101134,Ministry of Railways,Railways,1658.96,1945.77,199.1,18.7,Critical,17.29,False,False,True,True,geological surprises
101135,Railways Project 101135,Ministry of Railways,Railways,5397.02,6045.13,3610.62,70.7,Delayed,12.01,False,False,True,True,forest/environment clearance delays
101136,Railways Project 101136,Ministry of Railways,Railways,6486.25,7148.29,2276.6,44.1,Delayed,10.21,False,False,True,True,scope changes and structural revisions
101137,Railways Project 101137,Ministry of Railways,Railways,3574.05,3897.88,1826.23,69.3,Delayed,9.06,False,False,True,True,land acquisition delays
101138,Railways Project 101138,Ministry of Railways,Railways,3097.66,3966.36,2650.9,85.5,Delayed,28.04,False,False,True,True,forest/environment clearance delays
101139,Railways Project 101139,Ministry of Railways,Railways,3182.91,3340.32,2642.19,97.9,On Track,4.95,False,False,True,True,
101140,Railways Project 101140,Ministry of Railways,Railways,418.19,510.96,194.97,51.4,Delayed,22.18,False,False,True,True,tendering and ordering delays
101141,Railways Project 101141,Ministry of Railways,Railways,7587.06,9098.95,6741.24,98.8,Delayed,19.93,False,False,True,True,land acquisition delays
101142,Railways Project 101142,Ministry of Railways,Railways,1747.71,2255.58,352.46,23.7,Critical,29.06,False,False,True,True,tendering and ordering delays
101143,Railways Project 101143,Ministry of Railways,Railways,2737.16,2967.8,1745.15,69.3,On Track,8.43,False,False,True,True,
101144,Railways Project 101144,Ministry of Railways,Railways,2846.63,3251.85,437.97,24.6,Critical,14.24,False,False,True,True,financing tie-up delays
101145,Railways Project 101145,Ministry of Railways,Railways,6002.93,6443.73,3832.08,72.9,On Track,7.34,False,False,True,True,
101146,Railways Project 101146,Ministry of Railways,Railways,3387.74,3789.93,1375.38,46.3,Delayed,11.87,False,False,True,True,financing tie-up delays
101147,Railways Project 101147,Ministry of Railways,Railways,2199.83,2440.79,780.53,49.7,Delayed,10.95,False,False,True,True,land acquisition delays
101148,Railways Project 101148,Ministry of Railways,Railways,2789.1,3213.69,2542.03,98.4,Delayed,15.22,False,False,True,True,tendering and ordering delays
101149,Railways Project 101149,Ministry of Railways,Railways,2804.14,3273.93,2498.82,99.9,Completed,16.75,False,False,True,True,
101150,Railways Project 101150,Ministry of Railways,Railways,1409.95,1544.43,407.03,27.8,Delayed,9.54,False,False,True,True,forest/environment clearance delays
101151,Railways Project 101151,Ministry of Railways,Railways,2809.96,2697.77,1257.11,66.1,On Track,-3.99,False,False,True,True,
101152,Railways Project 101152,Ministry of Railways,Railways,8967.06,11987.68,4877.3,49.7,Delayed,33.69,False,False,True,True,land acquisition delays
101153,Railways Project 101153,Ministry of Railways,Railways,3825.57,5029.76,2141.39,50.9,Delayed,31.48,False,False,True,True,land acquisition delays
101154,Railways Project 101154,Ministry of Railways,Railways,1531.12,1448.68,338.78,33.6,Delayed,-5.38,True,False,True,True,forest/environment clearance delays
101155,Railways Project 101155,Ministry of Railways,Railways,2439.61,2832.31,2240.36,100.0,Completed,16.1,False,False,True,True,
101156,Railways Project 101156,Ministry of Railways,Railways,2017.65,2610.61,2064.99,87.1,Delayed,29.39,False,False,True,True,scope changes and structural revisions
101157,Railways Project 101157,Ministry of Railways,Railways,6888.93,7989.44,4780.52,75.7,Delayed,15.98,False,False,True,True,financing tie-up delays
101158,Railways Project 101158,Ministry of Railways,Railways,2465.16,2332.42,1763.55,90.8,On Track,-5.38,True,False,True,True,
101159,Railways Project 101159,Ministry of Railways,Railways,6311.43,5971.6,3641.99,60.5,On Track,-5.38,True,False,True,True,
101160,Railways Project 101160,Ministry of Railways,Railways,3307.11,3557.49,475.43,19.6,Critical,7.57,False,False,True,True,forest/environment clearance delays
101161,Railways Project 101161,Ministry of Railways,Railways,7399.23,8785.35,5680.71,78.9,Delayed,18.73,False,False,True,True,land acquisition delays
101162,Railways Project 101162,Ministry of Railways,Railways,1220.66,1446.26,268.72,26.2,Delayed,18.48,False,False,True,True,land acquisition delays
101163,Railways Project 101163,Ministry of Railways,Railways,976.18,1080.29,260.29,32.0,Delayed,10.67,False,False,True,True,land acquisition delays
101164,Railways Project 101164,Ministry of Railways,Railways,2746.65,3334.28,1354.71,52.6,Delayed,21.39,False,False,True,True,geological surprises
101165,Railways Project 101165,Ministry of Railways,Railways,1554.79,1699.58,1001.59,73.4,Delayed,9.31,False,False,True,True,financing tie-up delays
101166,Railways Project 101166,Ministry of Railways,Railways,1696.45,1973.26,359.98,32.7,Delayed,16.32,False,False,True,True,forest/environment clearance delays
101167,Railways Project 101167,Ministry of Railways,Railways,1152.34,1296.3,92.98,10.2,Critical,12.49,False,False,True,True,land acquisition delays
101168,Railways Project 101168,Ministry of Railways,Railways,8174.45,9052.93,6806.31,100.0,Completed,10.75,False,False,True,True,
101169,Railways Project 101169,Ministry of Railways,Railways,3514.04,3532.0,838.97,11.4,Critical,0.51,False,False,True,True,land acquisition delays
101170,Railways Project 101170,Ministry of Railways,Railways,5790.12,5859.13,1183.98,29.5,Delayed,1.19,False,False,True,True,financing tie-up delays
101171,Railways Project 101171,Ministry of Railways,Railways,4627.99,4704.99,1069.45,34.5,Delayed,1.66,False,False,True,True,land acquisition delays
101172,Railways Project 101172,Ministry of Railways,Railways,2238.12,2533.46,1466.95,78.3,Delayed,13.2,False,False,True,True,delays in detailed engineering
101173,Railways Project 101173,Ministry of Railways,Railways,2317.75,2950.16,1287.31,58.8,Delayed,27.29,False,False,True,True,scope changes and structural revisions
101174,Railways Project 101174,Ministry of Railways,Railways,5556.24,6207.21,4909.91,99.8,Completed,11.72,False,False,True,True,
101175,Railways Project 101175,Ministry of Railways,Railways,3299.24,4021.29,2405.39,82.7,Delayed,21.89,False,False,True,True,land acquisition delays
101176,Railways Project 101176,Ministry of Railways,Railways,2199.36,2803.87,1965.21,99.5,Completed,27.49,False,False,True,True,
101177,Railways Project 101177,Ministry of Railways,Railways,1571.71,1835.96,660.0,57.3,Delayed,16.81,False,False,True,True,tendering and ordering delays
101178,Railways Project 101178,Ministry of Railways,Railways,2233.75,2113.48,1520.52,92.4,On Track,-5.38,True,False,True,True,
101179,Railways Project 101179,Ministry of Railways,Railways,1605.42,1799.72,794.77,58.9,Delayed,12.1,False,False,True,True,tendering and ordering delays
101180,Railways Project 101180,Ministry of Railways,Railways,6014.32,6674.78,2741.81,62.7,Delayed,10.98,False,False,True,True,land acquisition delays
101181,Railways Project 101181,Ministry of Railways,Railways,4525.16,5531.3,2197.09,46.5,Delayed,22.23,False,False,True,True,financing tie-up delays
101182,Railways Project 101182,Ministry of Railways,Railways,6467.31,7331.96,3468.52,57.7,Delayed,13.37,False,False,True,True,land acquisition delays
101183,Railways Project 101183,Ministry of Railways,Railways,941.51,1261.11,123.3,17.4,Critical,33.95,False,False,True,True,forest/environment clearance delays
101184,Railways Project 101184,Ministry of Railways,Railways,5668.76,6996.75,4394.08,84.3,Delayed,23.43,False,False,True,True,forest/environment clearance delays
101185,Railways Project 101185,Ministry of Railways,Railways,5026.36,6039.69,3045.88,74.4,Delayed,20.16,False,False,True,True,delays in detailed engineering
101186,Railways Project 101186,Ministry of Railways,Railways,12712.54,12539.06,5176.98,56.3,On Track,-1.36,False,False,True,True,
101187,Railways Project 101187,Ministry of Railways,Railways,2863.9,3136.86,453.45,24.5,Critical,9.53,False,False,True,True,land acquisition delays
101188,Railways Project 101188,Ministry of Railways,Railways,2370.68,2808.41,1061.14,54.1,Delayed,18.46,False,False,True,True,land acquisition delays
101189,Railways Project 101189,Ministry of Railways,Railways,3849.48,4380.44,2337.19,64.6,Delayed,13.79,False,False,True,True,land acquisition delays
101190,Railways Project 101190,Ministry of Railways,Railways,1230.48,1193.77,518.16,62.9,On Track,-2.98,False,False,True,True,
101191,Railways Project 101191,Ministry of Railways,Railways,2580.74,2865.41,1339.9,73.5,Delayed,11.03,False,False,True,True,financing tie-up delays
101192,Railways Project 101192,Ministry of Railways,Railways,4920.08,5340.67,803.12,25.0,Delayed,8.55,False,False,True,True,land acquisition delays
101193,Railways Project 101193,Ministry of Railways,Railways,1609.25,2013.41,1108.94,70.5,Delayed,25.11,False,False,True,True,contractual disputes and arbitration
101194,Railways Project 101194,Ministry of Railways,Railways,1973.73,2110.66,632.14,39.1,Delayed,6.94,False,False,True,True,land acquisition delays
101195,Railways Project 101195,Ministry of Railways,Railways,1361.84,1714.51,518.66,33.0,Delayed,25.9,False,False,True,True,scope changes and structural revisions
101196,Railways Project 101196,Ministry of Railways,Railways,1575.17,1842.25,621.49,40.6,Delayed,16.96,False,False,True,True,scope changes and structural revisions
101197,Railways Project 101197,Ministry of Railways,Railways,4272.5,4738.56,1251.7,26.6,Delayed,10.91,False,False,True,True,forest/environment clearance delays
101198,Railways Project 101198,Ministry of Railways,Railways,2498.97,3081.78,2060.44,80.9,Delayed,23.32,False,False,True,True,scope changes and structural revisions
101199,Railways Project 101199,Ministry of Railways,Railways,1693.88,1639.35,1115.04,89.2,On Track,-3.22,False,False,True,True,
101200,Railways Project 101200,Ministry of Railways,Railways,1807.46,2336.86,218.31,22.7,Critical,29.29,False,False,True,True,scope changes and structural revisions
101201,Railways Project 101201,Ministry of Railways,Railways,3345.16,3517.96,806.71,31.2,Delayed,5.17,False,False,True,True,forest/environment clearance delays
101202,Railways Project 101202,Ministry of Railways,Railways,3780.2,4292.28,862.45,23.7,Critical,13.55,False,False,True,True,contractual disputes and arbitration
101203,Railways Project 101203,Ministry of Railways,Railways,3628.52,3726.27,2778.44,99.2,Completed,2.69,False,False,True,True,
101204,Railways Project 101204,Ministry of Railways,Railways,4605.33,5783.56,2437.21,54.9,Delayed,25.58,False,False,True,True,land acquisition delays
101205,Railways Project 101205,Ministry of Railways,Railways,3470.99,4006.92,1639.74,55.9,Delayed,15.44,False,False,True,True,contractual disputes and arbitration
101206,Railways Project 101206,Ministry of Railways,Railways,2545.56,2962.2,1126.1,44.3,Delayed,16.37,False,False,True,True,contractual disputes and arbitration
101207,Railways Project 101207,Ministry of Railways,Railways,5495.9,6932.35,3680.1,60.5,Delayed,26.14,False,False,True,True,contractual disputes and arbitration
101208,Railways Project 101208,Ministry of Railways,Railways,1520.16,2033.47,397.08,17.3,Critical,33.77,False,False,True,True,forest/environment clearance delays
101209,Railways Project 101209,Ministry of Railways,Railways,3899.15,4637.94,1914.89,55.1,Delayed,18.95,False,False,True,True,contractual disputes and arbitration
101210,Railways Project 101210,Ministry of Railways,Railways,1779.77,1837.63,850.79,61.1,On Track,3.25,False,False,True,True,
101211,Railways Project 101211,Ministry of Railways,Railways,1260.9,1418.53,642.22,55.7,Delayed,12.5,False,False,True,True,forest/environment clearance delays
101212,Railways Project 101212,Ministry of Railways,Railways,14278.64,16149.48,8468.17,65.0,Delayed,13.1,False,False,True,True,land acquisition delays
101213,Railways Project 101213,Ministry of Railways,Railways,8482.65,10465.23,1691.53,14.6,Critical,23.37,False,False,True,True,forest/environment clearance delays
101214,Railways Project 101214,Ministry of Railways,Railways,1565.0,1960.96,306.01,20.2,Critical,25.3,False,False,True,True,delays in detailed engineering
101215,Railways Project 101215,Ministry of Railways,Railways,1755.56,1929.22,531.74,37.3,Delayed,9.89,False,False,True,True,law-and-order and local right-of-way issues
101216,Railways Project 101216,Ministry of Railways,Railways,1435.15,1357.88,829.07,78.2,On Track,-5.38,True,False,True,True,
101217,Railways Project 101217,Ministry of Railways,Railways,2557.84,2640.43,1327.27,76.0,On Track,3.23,False,False,True,True,
101218,Railways Project 101218,Ministry of Railways,Railways,1755.72,1973.61,750.93,44.8,Delayed,12.41,False,False,True,True,delays in detailed engineering
101219,Railways Project 101219,Ministry of Railways,Railways,3577.24,4803.33,2873.84,84.6,Delayed,34.27,False,False,True,True,contractual disputes and arbitration
101220,Railways Project 101220,Ministry of Railways,Railways,2077.85,2282.07,899.76,57.0,Delayed,9.83,False,False,True,True,financing tie-up delays
101221,Railways Project 101221,Ministry of Railways,Railways,2100.6,2846.43,1186.98,55.2,Delayed,35.51,False,False,True,True,scope changes and structural revisions
101222,Railways Project 101222,Ministry of Railways,Railways,8808.56,11383.6,4235.0,53.1,Delayed,29.23,False,False,True,True,forest/environment clearance delays
101223,Railways Project 101223,Ministry of Railways,Railways,3105.14,3582.77,2225.99,68.8,Delayed,15.38,False,False,True,True,delays in detailed engineering
101224,Railways Project 101224,Ministry of Railways,Railways,6960.31,8489.0,5890.14,88.2,Delayed,21.96,False,False,True,True,financing tie-up delays
101225,Railways Project 101225,Ministry of Railways,Railways,1842.63,2418.77,1763.17,90.6,Delayed,31.27,False,False,True,True,tendering and ordering delays
101226,Railways Project 101226,Ministry of Railways,Railways,2568.0,2616.99,1149.99,68.2,On Track,1.91,False,False,True,True,
101227,Railways Project 101227,Ministry of Railways,Railways,3253.99,3392.45,1148.49,44.2,Delayed,4.26,False,False,True,True,forest/environment clearance delays
101228,Railways Project 101228,Ministry of Railways,Railways,7259.81,7995.96,2153.06,33.2,Delayed,10.14,False,False,True,True,forest/environment clearance delays
101229,Railways Project 101229,Ministry of Railways,Railways,4544.07,5324.86,1986.61,54.8,Delayed,17.18,False,False,True,True,contractual disputes and arbitration
101230,Railways Project 101230,Ministry of Railways,Railways,2970.54,3492.03,1860.45,62.1,Delayed,17.56,False,False,True,True,delays in detailed engineering
101231,Railways Project 101231,Ministry of Railways,Railways,1616.92,1788.42,647.31,47.2,Delayed,10.61,False,False,True,True,land acquisition delays
101232,Railways Project 101232,Ministry of Railways,Railways,5390.24,5928.0,1816.53,31.9,Delayed,9.98,False,False,True,True,delays in detailed engineering
101233,Railways Project 101233,Ministry of Railways,Railways,931.19,1135.94,699.29,84.6,Delayed,21.99,False,False,True,True,land acquisition delays
101234,Railways Project 101234,Ministry of Railways,Railways,897.37,1012.37,145.62,15.9,Critical,12.82,False,False,True,True,scope changes and structural revisions
101235,Railways Project 101235,Ministry of Railways,Railways,1343.59,1472.37,647.11,56.7,Delayed,9.58,False,False,True,True,land acquisition delays
101236,Railways Project 101236,Ministry of Railways,Railways,2110.24,2508.96,1570.2,78.1,Delayed,18.89,False,False,True,True,forest/environment clearance delays
101237,Railways Project 101237,Ministry of Railways,Railways,2400.54,2454.05,1941.16,99.8,Completed,2.23,False,False,True,True,
101238,Railways Project 101238,Ministry of Railways,Railways,651.13,797.25,507.39,83.8,Delayed,22.44,False,False,True,True,contractual disputes and arbitration
101239,Railways Project 101239,Ministry of Railways,Railways,4555.22,5741.99,3691.38,81.3,Delayed,26.05,False,False,True,True,land acquisition delays
101240,Railways Project 101240,Ministry of Railways,Railways,5920.05,6472.32,3053.92,60.1,Delayed,9.33,False,False,True,True,contractual disputes and arbitration
101241,Railways Project 101241,Ministry of Railways,Railways,903.25,1079.81,620.53,72.6,Delayed,19.55,False,False,True,True,tendering and ordering delays
101242,Railways Project 101242,Ministry of Railways,Railways,3665.28,4113.14,1837.46,59.5,Delayed,12.22,False,False,True,True,contractual disputes and arbitration
101243,Railways Project 101243,Ministry of Railways,Railways,2386.74,2390.28,1252.01,67.1,On Track,0.15,False,False,True,True,
101244,Railways Project 101244,Ministry of Railways,Railways,10669.55,11998.19,7875.36,84.2,Delayed,12.45,False,False,True,True,land acquisition delays
101245,Railways Project 101245,Ministry of Railways,Railways,1609.86,2031.68,1142.9,83.3,Delayed,26.2,False,False,True,True,contractual disputes and arbitration
101246,Railways Project 101246,Ministry of Railways,Railways,2298.31,2312.63,242.03,14.0,Critical,0.62,False,False,True,True,scope changes and structural revisions
101247,Railways Project 101247,Ministry of Railways,Railways,2734.07,3181.47,1535.53,63.9,Delayed,16.36,False,False,True,True,delays in detailed engineering
101248,Railways Project 101248,Ministry of Railways,Railways,2063.09,2198.22,891.87,55.1,On Track,6.55,False,False,True,True,
101249,Railways Project 101249,Ministry of Railways,Railways,4789.52,5636.7,1693.84,38.8,Delayed,17.69,False,False,True,True,financing tie-up delays
101250,Railways Project 101250,Ministry of Railways,Railways,2719.37,2981.15,583.79,34.2,Delayed,9.63,False,False,True,True,delays in detailed engineering
101251,Railways Project 101251,Ministry of Railways,Railways,2009.66,2875.98,625.59,26.0,Critical,43.11,False,False,True,True,forest/environment clearance delays
101252,Petroleum & Natural Gas Project 101252,Ministry of Petroleum & Natural Gas,Petroleum & Natural Gas,3653.78,3962.77,2990.65,98.2,On Track,8.46,False,False,True,True,
101253,Petroleum & Natural Gas Project 101253,Ministry of Petroleum & Natural Gas,Petroleum & Natural Gas,3949.75,3843.32,2583.42,88.2,On Track,-2.69,False,False,True,True,
101254,Petroleum & Natural Gas Project 101254,Ministry of Petroleum & Natural Gas,Petroleum & Natural Gas,2951.42,2961.85,1656.87,74.7,On Track,0.35,False,False,True,True,
101255,Petroleum & Natural Gas Project 101255,Ministry of Petroleum & Natural Gas,Petroleum & Natural Gas,2907.88,2751.3,782.85,45.0,Delayed,-5.38,True,False,True,True,delays in detailed engineering
101256,Petroleum & Natural Gas Project 101256,Ministry of Petroleum & Natural Gas,Petroleum & Natural Gas,1478.66,1469.31,324.98,44.5,Delayed,-0.63,False,False,True,True,land acquisition delays
101257,Petroleum & Natural Gas Project 101257,Ministry of Petroleum & Natural Gas,Petroleum & Natural Gas,2229.95,2466.03,1102.16,51.2,Delayed,10.59,False,False,True,True,contractual disputes and arbitration
101258,Petroleum & Natural Gas Project 101258,Ministry of Petroleum & Natural Gas,Petroleum & Natural Gas,4233.16,4494.43,2682.26,74.0,On Track,6.17,False,False,True,True,
101259,Petroleum & Natural Gas Project 101259,Ministry of Petroleum & Natural Gas,Petroleum & Natural Gas,3753.36,3583.39,2633.26,91.3,On Track,-4.53,False,False,True,True,
101260,Petroleum & Natural Gas Project 101260,Ministry of Petroleum & Natural Gas,Petroleum & Natural Gas,2973.64,3288.69,2282.7,97.2,Delayed,10.59,False,False,True,True,financing tie-up delays
101261,Petroleum & Natural Gas Project 101261,Ministry of Petroleum & Natural Gas,Petroleum & Natural Gas,13208.92,15652.15,6919.53,59.8,Delayed,18.5,False,False,True,True,land acquisition delays
101262,Petroleum & Natural Gas Project 101262,Ministry of Petroleum & Natural Gas,Petroleum & Natural Gas,3464.67,3507.79,907.9,36.8,Delayed,1.24,False,False,True,True,land acquisition delays
101263,Petroleum & Natural Gas Project 101263,Ministry of Petroleum & Natural Gas,Petroleum & Natural Gas,1550.27,1473.24,662.77,60.2,On Track,-4.97,False,False,True,True,
101264,Petroleum & Natural Gas Project 101264,Ministry of Petroleum & Natural Gas,Petroleum & Natural Gas,1577.57,1668.44,1276.44,97.4,On Track,5.76,False,False,True,True,
101265,Petroleum & Natural Gas Project 101265,Ministry of Petroleum & Natural Gas,Petroleum & Natural Gas,2536.79,2661.42,1486.42,76.7,On Track,4.91,False,False,True,True,
101266,Petroleum & Natural Gas Project 101266,Ministry of Petroleum & Natural Gas,Petroleum & Natural Gas,2395.36,2589.39,1156.89,49.3,Delayed,8.1,False,False,True,True,forest/environment clearance delays
101267,Petroleum & Natural Gas Project 101267,Ministry of Petroleum & Natural Gas,Petroleum & Natural Gas,3068.93,3567.26,1560.19,58.5,Delayed,16.24,False,False,True,True,land acquisition delays
101268,Petroleum & Natural Gas Project 101268,Ministry of Petroleum & Natural Gas,Petroleum & Natural Gas,2917.99,3233.79,1722.42,67.8,Delayed,10.82,False,False,True,True,land acquisition delays
101269,Petroleum & Natural Gas Project 101269,Ministry of Petroleum & Natural Gas,Petroleum & Natural Gas,2587.18,2768.01,2110.35,99.6,Completed,6.99,False,False,True,True,
101270,Petroleum & Natural Gas Project 101270,Ministry of Petroleum & Natural Gas,Petroleum & Natural Gas,655.9,734.47,320.52,69.9,Delayed,11.98,False,False,True,True,land acquisition delays
101271,Petroleum & Natural Gas Project 101271,Ministry of Petroleum & Natural Gas,Petroleum & Natural Gas,1858.31,1949.32,1285.15,89.4,On Track,4.9,False,False,True,True,
101272,Petroleum & Natural Gas Project 101272,Ministry of Petroleum & Natural Gas,Petroleum & Natural Gas,1162.08,1314.24,701.43,68.8,Delayed,13.09,False,False,True,True,land acquisition delays
101273,Petroleum & Natural Gas Project 101273,Ministry of Petroleum & Natural Gas,Petroleum & Natural Gas,3420.54,3539.75,1947.05,69.4,On Track,3.49,False,False,True,True,
101274,Petroleum & Natural Gas Project 101274,Ministry of Petroleum & Natural Gas,Petroleum & Natural Gas,1697.71,1711.68,1353.94,100.0,Completed,0.82,False,False,True,True,
101275,Petroleum & Natural Gas Project 101275,Ministry of Petroleum & Natural Gas,Petroleum & Natural Gas,2939.81,2999.38,906.52,25.5,Delayed,2.03,False,False,True,True,contractual disputes and arbitration
101276,Petroleum & Natural Gas Project 101276,Ministry of Petroleum & Natural Gas,Petroleum & Natural Gas,3460.67,3656.85,701.71,26.4,Delayed,5.67,False,False,True,True,tendering and ordering delays
101277,Petroleum & Natural Gas Project 101277,Ministry of Petroleum & Natural Gas,Petroleum & Natural Gas,2067.91,2218.39,814.34,52.1,Delayed,7.28,False,False,True,True,land acquisition delays
101278,Petroleum & Natural Gas Project 101278,Ministry of Petroleum & Natural Gas,Petroleum & Natural Gas,1803.55,1948.52,314.23,21.5,Critical,8.04,False,False,True,True,delays in detailed engineering
101279,Petroleum & Natural Gas Project 101279,Ministry of Petroleum & Natural Gas,Petroleum & Natural Gas,2210.2,2339.79,437.97,27.2,Delayed,5.86,False,False,True,True,land acquisition delays
101280,Petroleum & Natural Gas Project 101280,Ministry of Petroleum & Natural Gas,Petroleum & Natural Gas,4095.53,4473.68,1429.52,42.6,Delayed,9.23,False,False,True,True,geological surprises
101281,Petroleum & Natural Gas Project 101281,Ministry of Petroleum & Natural Gas,Petroleum & Natural Gas,1835.56,2096.16,910.63,61.3,Delayed,14.2,False,False,True,True,delays in detailed engineering
101282,Petroleum & Natural Gas Project 101282,Ministry of Petroleum & Natural Gas,Petroleum & Natural Gas,1693.82,1871.49,643.9,49.5,Delayed,10.49,False,False,True,True,forest/environment clearance delays
101283,Petroleum & Natural Gas Project 101283,Ministry of Petroleum & Natural Gas,Petroleum & Natural Gas,2005.74,2060.87,495.68,36.3,Delayed,2.75,False,False,True,True,land acquisition delays
101284,Petroleum & Natural Gas Project 101284,Ministry of Petroleum & Natural Gas,Petroleum & Natural Gas,1651.11,1694.65,810.88,74.4,On Track,2.64,False,False,True,True,
101285,Petroleum & Natural Gas Project 101285,Ministry of Petroleum & Natural Gas,Petroleum & Natural Gas,3092.02,3210.93,1585.0,63.7,On Track,3.85,False,False,True,True,
101286,Petroleum & Natural Gas Project 101286,Ministry of Petroleum & Natural Gas,Petroleum & Natural Gas,2616.9,2557.73,1207.01,63.4,On Track,-2.26,False,False,True,True,
101287,Petroleum & Natural Gas Project 101287,Ministry of Petroleum & Natural Gas,Petroleum & Natural Gas,6870.31,7499.57,2479.08,40.4,Delayed,9.16,False,False,True,True,tendering and ordering delays
101288,Petroleum & Natural Gas Project 101288,Ministry of Petroleum & Natural Gas,Petroleum & Natural Gas,1565.26,1616.21,1045.02,74.8,On Track,3.26,False,False,True,True,
101289,Petroleum & Natural Gas Project 101289,Ministry of Petroleum & Natural Gas,Petroleum & Natural Gas,2439.95,2740.98,454.59,17.2,Critical,12.34,False,False,True,True,delays in detailed engineering
101290,Petroleum & Natural Gas Project 101290,Ministry of Petroleum & Natural Gas,Petroleum & Natural Gas,2731.64,3051.62,687.29,33.4,Delayed,11.71,False,False,True,True,contractual disputes and arbitration
101291,Petroleum & Natural Gas Project 101291,Ministry of Petroleum & Natural Gas,Petroleum & Natural Gas,4058.88,4041.26,1711.55,61.7,On Track,-0.43,False,False,True,True,
101292,Petroleum & Natural Gas Project 101292,Ministry of Petroleum & Natural Gas,Petroleum & Natural Gas,2027.43,2037.16,683.53,45.3,Delayed,0.48,False,False,True,True,land acquisition delays
101293,Petroleum & Natural Gas Project 101293,Ministry of Petroleum & Natural Gas,Petroleum & Natural Gas,2821.02,2633.13,1782.73,82.8,On Track,-6.66,False,False,True,True,
101294,Petroleum & Natural Gas Project 101294,Ministry of Petroleum & Natural Gas,Petroleum & Natural Gas,970.8,996.06,273.88,30.4,Delayed,2.6,False,False,True,True,tendering and ordering delays
101295,Petroleum & Natural Gas Project 101295,Ministry of Petroleum & Natural Gas,Petroleum & Natural Gas,2118.5,2210.32,811.02,36.5,Delayed,4.33,False,False,True,True,financing tie-up delays
101296,Petroleum & Natural Gas Project 101296,Ministry of Petroleum & Natural Gas,Petroleum & Natural Gas,732.72,693.27,365.38,70.3,On Track,-5.38,True,False,True,True,
101297,Petroleum & Natural Gas Project 101297,Ministry of Petroleum & Natural Gas,Petroleum & Natural Gas,2565.54,2975.73,532.46,23.2,Critical,15.99,False,False,True,True,delays in detailed engineering
101298,Petroleum & Natural Gas Project 101298,Ministry of Petroleum & Natural Gas,Petroleum & Natural Gas,1543.36,1654.63,547.82,44.8,Delayed,7.21,False,False,True,True,forest/environment clearance delays
101299,Petroleum & Natural Gas Project 101299,Ministry of Petroleum & Natural Gas,Petroleum & Natural Gas,2359.85,2582.56,1379.47,75.2,Delayed,9.44,False,False,True,True,forest/environment clearance delays
101300,Petroleum & Natural Gas Project 101300,Ministry of Petroleum & Natural Gas,Petroleum & Natural Gas,5268.95,5633.97,3571.3,78.3,On Track,6.93,False,False,True,True,
101301,Petroleum & Natural Gas Project 101301,Ministry of Petroleum & Natural Gas,Petroleum & Natural Gas,1557.35,1710.43,1075.57,77.0,Delayed,9.83,False,False,True,True,geological surprises
101302,Petroleum & Natural Gas Project 101302,Ministry of Petroleum & Natural Gas,Petroleum & Natural Gas,1051.97,1090.84,798.57,100.0,Completed,3.69,False,False,True,True,
101303,Petroleum & Natural Gas Project 101303,Ministry of Petroleum & Natural Gas,Petroleum & Natural Gas,1282.32,1299.49,796.48,62.9,On Track,1.34,False,False,True,True,
101304,Petroleum & Natural Gas Project 101304,Ministry of Petroleum & Natural Gas,Petroleum & Natural Gas,3461.68,3730.34,618.04,21.2,Critical,7.76,False,False,True,True,land acquisition delays
101305,Petroleum & Natural Gas Project 101305,Ministry of Petroleum & Natural Gas,Petroleum & Natural Gas,2933.57,3146.0,2480.13,99.8,Completed,7.24,False,False,True,True,
101306,Petroleum & Natural Gas Project 101306,Ministry of Petroleum & Natural Gas,Petroleum & Natural Gas,1107.74,1184.75,334.16,33.4,Delayed,6.95,False,False,True,True,delays in detailed engineering
101307,Petroleum & Natural Gas Project 101307,Ministry of Petroleum & Natural Gas,Petroleum & Natural Gas,1649.55,1803.45,800.53,50.7,Delayed,9.33,False,False,True,True,financing tie-up delays
101308,Petroleum & Natural Gas Project 101308,Ministry of Petroleum & Natural Gas,Petroleum & Natural Gas,2327.95,2431.74,386.09,25.7,Delayed,4.46,False,False,True,True,geological surprises
101309,Petroleum & Natural Gas Project 101309,Ministry of Petroleum & Natural Gas,Petroleum & Natural Gas,2115.8,2398.18,852.25,52.5,Delayed,13.35,False,False,True,True,land acquisition delays
101310,Petroleum & Natural Gas Project 101310,Ministry of Petroleum & Natural Gas,Petroleum & Natural Gas,2027.43,2181.92,896.7,42.7,Delayed,7.62,False,False,True,True,land acquisition delays
101311,Petroleum & Natural Gas Project 101311,Ministry of Petroleum & Natural Gas,Petroleum & Natural Gas,4874.56,4612.09,2143.2,60.1,On Track,-5.38,True,False,True,True,
101312,Petroleum & Natural Gas Project 101312,Ministry of Petroleum & Natural Gas,Petroleum & Natural Gas,357.07,423.83,143.99,47.9,Delayed,18.7,False,False,True,True,land acquisition delays
101313,Petroleum & Natural Gas Project 101313,Ministry of Petroleum & Natural Gas,Petroleum & Natural Gas,9056.02,10269.6,7628.38,98.3,Delayed,13.4,False,False,True,True,financing tie-up delays
101314,Petroleum & Natural Gas Project 101314,Ministry of Petroleum & Natural Gas,Petroleum & Natural Gas,4915.45,5345.6,2129.55,49.9,Delayed,8.75,False,False,True,True,land acquisition delays
101315,Petroleum & Natural Gas Project 101315,Ministry of Petroleum & Natural Gas,Petroleum & Natural Gas,2859.52,2705.55,1398.89,67.9,On Track,-5.38,True,False,True,True,
101316,Petroleum & Natural Gas Project 101316,Ministry of Petroleum & Natural Gas,Petroleum & Natural Gas,5104.68,5909.01,3787.24,74.6,Delayed,15.76,False,False,True,True,tendering and ordering delays
101317,Petroleum & Natural Gas Project 101317,Ministry of Petroleum & Natural Gas,Petroleum & Natural Gas,4189.58,4907.87,2845.34,57.2,Delayed,17.14,False,False,True,True,land acquisition delays
101318,Petroleum & Natural Gas Project 101318,Ministry of Petroleum & Natural Gas,Petroleum & Natural Gas,949.38,1061.08,382.41,45.4,Delayed,11.77,False,False,True,True,financing tie-up delays
101319,Petroleum & Natural Gas Project 101319,Ministry of Petroleum & Natural Gas,Petroleum & Natural Gas,1526.73,1579.1,649.35,51.9,Delayed,3.43,False,False,True,True,financing tie-up delays
101320,Petroleum & Natural Gas Project 101320,Ministry of Petroleum & Natural Gas,Petroleum & Natural Gas,3546.17,3670.62,2717.8,99.9,Completed,3.51,False,False,True,True,
101321,Petroleum & Natural Gas Project 101321,Ministry of Petroleum & Natural Gas,Petroleum & Natural Gas,3574.23,4284.22,2458.81,85.7,Delayed,19.86,False,False,True,True,contractual disputes and arbitration
101322,Petroleum & Natural Gas Project 101322,Ministry of Petroleum & Natural Gas,Petroleum & Natural Gas,2039.67,2074.39,885.03,59.2,On Track,1.7,False,False,True,True,
101323,Petroleum & Natural Gas Project 101323,Ministry of Petroleum & Natural Gas,Petroleum & Natural Gas,2625.75,2836.39,777.98,41.2,Delayed,8.02,False,False,True,True,scope changes and structural revisions
101324,Petroleum & Natural Gas Project 101324,Ministry of Petroleum & Natural Gas,Petroleum & Natural Gas,2055.2,2416.51,1817.58,98.0,Delayed,17.58,False,False,True,True,forest/environment clearance delays
101325,Petroleum & Natural Gas Project 101325,Ministry of Petroleum & Natural Gas,Petroleum & Natural Gas,1431.43,1354.36,1012.2,97.9,On Track,-5.38,True,False,True,True,
101326,Petroleum & Natural Gas Project 101326,Ministry of Petroleum & Natural Gas,Petroleum & Natural Gas,5823.33,5509.79,3934.26,86.5,On Track,-5.38,True,False,True,True,
101327,Petroleum & Natural Gas Project 101327,Ministry of Petroleum & Natural Gas,Petroleum & Natural Gas,1420.71,1541.26,567.07,49.4,Delayed,8.49,False,False,True,True,forest/environment clearance delays
101328,Petroleum & Natural Gas Project 101328,Ministry of Petroleum & Natural Gas,Petroleum & Natural Gas,1901.74,2180.43,1227.36,71.6,Delayed,14.65,False,False,True,True,land acquisition delays
101329,Petroleum & Natural Gas Project 101329,Ministry of Petroleum & Natural Gas,Petroleum & Natural Gas,1555.16,1564.66,790.52,58.3,On Track,0.61,False,False,True,True,
101330,Petroleum & Natural Gas Project 101330,Ministry of Petroleum & Natural Gas,Petroleum & Natural Gas,4627.14,4874.12,1378.13,24.7,Critical,5.34,False,False,True,True,land acquisition delays
101331,Petroleum & Natural Gas Project 101331,Ministry of Petroleum & Natural Gas,Petroleum & Natural Gas,2392.34,2505.77,1448.09,64.1,On Track,4.74,False,False,True,True,
101332,Petroleum & Natural Gas Project 101332,Ministry of Petroleum & Natural Gas,Petroleum & Natural Gas,1908.67,1883.2,1171.12,79.5,On Track,-1.33,False,False,True,True,
101333,Petroleum & Natural Gas Project 101333,Ministry of Petroleum & Natural Gas,Petroleum & Natural Gas,1925.7,1822.02,1144.25,72.5,On Track,-5.38,True,False,True,True,
101334,Petroleum & Natural Gas Project 101334,Ministry of Petroleum & Natural Gas,Petroleum & Natural Gas,1153.55,1091.43,584.24,67.0,On Track,-5.39,True,False,True,True,
101335,Petroleum & Natural Gas Project 101335,Ministry of Petroleum & Natural Gas,Petroleum & Natural Gas,3257.73,3082.32,448.45,21.8,Critical,-5.38,True,False,True,True,forest/environment clearance delays
101336,Petroleum & Natural Gas Project 101336,Ministry of Petroleum & Natural Gas,Petroleum & Natural Gas,1644.81,1782.17,843.36,70.7,On Track,8.35,False,False,True,True,
101337,Petroleum & Natural Gas Project 101337,Ministry of Petroleum & Natural Gas,Petroleum & Natural Gas,964.77,1132.98,589.96,67.7,Delayed,17.44,False,False,True,True,land acquisition delays
101338,Petroleum & Natural Gas Project 101338,Ministry of Petroleum & Natural Gas,Petroleum & Natural Gas,3017.2,3189.35,296.21,11.9,Critical,5.71,False,False,True,True,forest/environment clearance delays
101339,Petroleum & Natural Gas Project 101339,Ministry of Petroleum & Natural Gas,Petroleum & Natural Gas,1031.32,1079.79,622.62,73.9,On Track,4.7,False,False,True,True,
101340,Petroleum & Natural Gas Project 101340,Ministry of Petroleum & Natural Gas,Petroleum & Natural Gas,3142.11,3479.83,2006.0,69.4,Delayed,10.75,False,False,True,True,land acquisition delays
101341,Petroleum & Natural Gas Project 101341,Ministry of Petroleum & Natural Gas,Petroleum & Natural Gas,2889.62,3270.44,948.8,41.9,Delayed,13.18,False,False,True,True,scope changes and structural revisions
101342,Petroleum & Natural Gas Project 101342,Ministry of Petroleum & Natural Gas,Petroleum & Natural Gas,1545.18,1668.92,801.72,60.9,On Track,8.01,False,False,True,True,
101343,Petroleum & Natural Gas Project 101343,Ministry of Petroleum & Natural Gas,Petroleum & Natural Gas,846.15,968.54,445.84,53.2,Delayed,14.46,False,False,True,True,tendering and ordering delays
101344,Petroleum & Natural Gas Project 101344,Ministry of Petroleum & Natural Gas,Petroleum & Natural Gas,3365.76,3730.16,2070.55,77.9,Delayed,10.83,False,False,True,True,forest/environment clearance delays
101345,Petroleum & Natural Gas Project 101345,Ministry of Petroleum & Natural Gas,Petroleum & Natural Gas,883.97,1066.0,753.88,79.8,Delayed,20.59,False,False,True,True,land acquisition delays
101346,Petroleum & Natural Gas Project 101346,Ministry of Petroleum & Natural Gas,Petroleum & Natural Gas,2892.0,2927.96,647.35,19.2,Critical,1.24,False,False,True,True,land acquisition delays
101347,Petroleum & Natural Gas Project 101347,Ministry of Petroleum & Natural Gas,Petroleum & Natural Gas,2502.72,2782.86,2053.04,98.7,Delayed,11.19,False,False,True,True,land acquisition delays
101348,Petroleum & Natural Gas Project 101348,Ministry of Petroleum & Natural Gas,Petroleum & Natural Gas,1692.23,1823.14,814.2,53.0,Delayed,7.74,False,False,True,True,forest/environment clearance delays
101349,Petroleum & Natural Gas Project 101349,Ministry of Petroleum & Natural Gas,Petroleum & Natural Gas,6732.69,7350.19,4921.53,82.1,Delayed,9.17,False,False,True,True,contractual disputes and arbitration
101350,Petroleum & Natural Gas Project 101350,Ministry of Petroleum & Natural Gas,Petroleum & Natural Gas,3592.5,3366.75,2045.2,84.4,On Track,-6.28,False,False,True,True,
101351,Petroleum & Natural Gas Project 101351,Ministry of Petroleum & Natural Gas,Petroleum & Natural Gas,4810.97,5038.92,195.39,5.8,Critical,4.74,False,False,True,True,land acquisition delays
101352,Petroleum & Natural Gas Project 101352,Ministry of Petroleum & Natural Gas,Petroleum & Natural Gas,1112.05,1067.15,403.95,50.4,Delayed,-4.04,False,False,True,True,delays in detailed engineering
101353,Petroleum & Natural Gas Project 101353,Ministry of Petroleum & Natural Gas,Petroleum & Natural Gas,2108.63,2198.4,1602.05,98.6,On Track,4.26,False,False,True,True,
101354,Petroleum & Natural Gas Project 101354,Ministry of Petroleum & Natural Gas,Petroleum & Natural Gas,3430.47,3547.0,1967.38,74.3,On Track,3.4,False,False,True,True,
101355,Petroleum & Natural Gas Project 101355,Ministry of Petroleum & Natural Gas,Petroleum & Natural Gas,2951.78,2916.91,738.13,33.3,Delayed,-1.18,False,False,True,True,forest/environment clearance delays
101356,Petroleum & Natural Gas Project 101356,Ministry of Petroleum & Natural Gas,Petroleum & Natural Gas,2362.53,2221.75,1364.42,78.0,On Track,-5.96,False,False,True,True,
101357,Petroleum & Natural Gas Project 101357,Ministry of Petroleum & Natural Gas,Petroleum & Natural Gas,1935.43,1831.22,873.98,64.5,On Track,-5.38,True,False,True,True,
101358,Petroleum & Natural Gas Project 101358,Ministry of Petroleum & Natural Gas,Petroleum & Natural Gas,2992.73,3522.05,1477.35,55.3,Delayed,17.69,False,False,True,True,financing tie-up delays
101359,Petroleum & Natural Gas Project 101359,Ministry of Petroleum & Natural Gas,Petroleum & Natural Gas,4050.18,4419.03,1175.81,30.0,Delayed,9.11,False,False,True,True,land acquisition delays
101360,Petroleum & Natural Gas Project 101360,Ministry of Petroleum & Natural Gas,Petroleum & Natural Gas,2752.83,3033.34,2340.14,99.1,Completed,10.19,False,False,True,True,
101361,Petroleum & Natural Gas Project 101361,Ministry of Petroleum & Natural Gas,Petroleum & Natural Gas,1419.88,1588.02,1113.37,98.6,Delayed,11.84,False,False,True,True,land acquisition delays
101362,Petroleum & Natural Gas Project 101362,Ministry of Petroleum & Natural Gas,Petroleum & Natural Gas,1847.01,2075.47,1641.69,90.1,Delayed,12.37,False,False,True,True,delays in detailed engineering
101363,Petroleum & Natural Gas Project 101363,Ministry of Petroleum & Natural Gas,Petroleum & Natural Gas,5592.03,5783.96,4027.59,99.8,Completed,3.43,False,False,True,True,
101364,Petroleum & Natural Gas Project 101364,Ministry of Petroleum & Natural Gas,Petroleum & Natural Gas,2504.06,2543.2,866.37,41.7,Delayed,1.56,False,False,True,True,contractual disputes and arbitration
101365,Petroleum & Natural Gas Project 101365,Ministry of Petroleum & Natural Gas,Petroleum & Natural Gas,3768.67,4034.81,736.29,18.0,Critical,7.06,False,False,True,True,land acquisition delays
101366,Petroleum & Natural Gas Project 101366,Ministry of Petroleum & Natural Gas,Petroleum & Natural Gas,2909.95,3043.68,1641.97,68.6,On Track,4.6,False,False,True,True,
101367,Petroleum & Natural Gas Project 101367,Ministry of Petroleum & Natural Gas,Petroleum & Natural Gas,10592.49,11299.37,8847.76,97.4,On Track,6.67,False,False,True,True,
101368,Petroleum & Natural Gas Project 101368,Ministry of Petroleum & Natural Gas,Petroleum & Natural Gas,3407.75,4115.58,1573.8,52.7,Delayed,20.77,False,False,True,True,tendering and ordering delays
101369,Petroleum & Natural Gas Project 101369,Ministry of Petroleum & Natural Gas,Petroleum & Natural Gas,2711.37,2579.94,414.8,31.6,Delayed,-4.85,False,False,True,True,law-and-order and local right-of-way issues
101370,Petroleum & Natural Gas Project 101370,Ministry of Petroleum & Natural Gas,Petroleum & Natural Gas,1375.46,1563.71,96.71,13.1,Critical,13.69,False,False,True,True,forest/environment clearance delays
101371,Petroleum & Natural Gas Project 101371,Ministry of Petroleum & Natural Gas,Petroleum & Natural Gas,3400.59,3770.81,1352.91,48.5,Delayed,10.89,False,False,True,True,geological surprises
101372,Petroleum & Natural Gas Project 101372,Ministry of Petroleum & Natural Gas,Petroleum & Natural Gas,2393.14,2600.31,1043.2,48.9,Delayed,8.66,False,False,True,True,land acquisition delays
101373,Petroleum & Natural Gas Project 101373,Ministry of Petroleum & Natural Gas,Petroleum & Natural Gas,3342.43,3360.1,1492.72,50.8,Delayed,0.53,False,False,True,True,land acquisition delays
101374,Petroleum & Natural Gas Project 101374,Ministry of Petroleum & Natural Gas,Petroleum & Natural Gas,10523.17,11001.9,6162.42,68.3,On Track,4.55,False,False,True,True,
101375,Petroleum & Natural Gas Project 101375,Ministry of Petroleum & Natural Gas,Petroleum & Natural Gas,4949.01,5212.57,2626.42,64.5,On Track,5.33,False,False,True,True,
101376,Petroleum & Natural Gas Project 101376,Ministry of Petroleum & Natural Gas,Petroleum & Natural Gas,1449.63,1547.12,392.68,37.7,Delayed,6.73,False,False,True,True,financing tie-up delays
101377,Petroleum & Natural Gas Project 101377,Ministry of Petroleum & Natural Gas,Petroleum & Natural Gas,1255.17,1368.61,798.99,67.3,Delayed,9.04,False,False,True,True,land acquisition delays
101378,Petroleum & Natural Gas Project 101378,Ministry of Petroleum & Natural Gas,Petroleum & Natural Gas,1721.54,1876.4,1117.21,77.1,Delayed,9.0,False,False,True,True,land acquisition delays
101379,Petroleum & Natural Gas Project 101379,Ministry of Petroleum & Natural Gas,Petroleum & Natural Gas,1089.36,1068.06,726.12,89.7,On Track,-1.96,False,False,True,True,
101380,Petroleum & Natural Gas Project 101380,Ministry of Petroleum & Natural Gas,Petroleum & Natural Gas,2225.35,2552.69,2001.44,99.9,Completed,14.71,False,False,True,True,
101381,Petroleum & Natural Gas Project 101381,Ministry of Petroleum & Natural Gas,Petroleum & Natural Gas,6754.28,7752.04,3596.44,55.4,Delayed,14.77,False,False,True,True,land acquisition delays
101382,Petroleum & Natural Gas Project 101382,Ministry of Petroleum & Natural Gas,Petroleum & Natural Gas,5650.13,5901.18,3609.25,73.8,On Track,4.44,False,False,True,True,
101383,Petroleum & Natural Gas Project 101383,Ministry of Petroleum & Natural Gas,Petroleum & Natural Gas,3529.82,3943.86,2853.51,97.7,Delayed,11.73,False,False,True,True,forest/environment clearance delays
101384,Petroleum & Natural Gas Project 101384,Ministry of Petroleum & Natural Gas,Petroleum & Natural Gas,1716.01,1980.26,1553.6,98.3,Delayed,15.4,False,False,True,True,financing tie-up delays
101385,Petroleum & Natural Gas Project 101385,Ministry of Petroleum & Natural Gas,Petroleum & Natural Gas,1222.56,1381.0,961.82,88.9,Delayed,12.96,False,False,True,True,financing tie-up delays
101386,Petroleum & Natural Gas Project 101386,Ministry of Petroleum & Natural Gas,Petroleum & Natural Gas,1149.27,1146.13,634.63,56.2,On Track,-0.27,False,False,True,True,
101387,Petroleum & Natural Gas Project 101387,Ministry of Petroleum & Natural Gas,Petroleum & Natural Gas,5192.22,5532.54,3815.25,89.5,On Track,6.55,False,False,True,True,
101388,Petroleum & Natural Gas Project 101388,Ministry of Petroleum & Natural Gas,Petroleum & Natural Gas,3793.26,4129.67,3022.01,94.4,Delayed,8.87,False,False,True,True,land acquisition delays
101389,Petroleum & Natural Gas Project 101389,Ministry of Petroleum & Natural Gas,Petroleum & Natural Gas,8215.62,8817.08,6974.31,100.0,Completed,7.32,False,False,True,True,
101390,Petroleum & Natural Gas Project 101390,Ministry of Petroleum & Natural Gas,Petroleum & Natural Gas,1240.26,1361.4,332.07,38.5,Delayed,9.77,False,False,True,True,land acquisition delays
101391,Petroleum & Natural Gas Project 101391,Ministry of Petroleum & Natural Gas,Petroleum & Natural Gas,2713.22,2625.11,1277.52,61.4,On Track,-3.25,False,False,True,True,
101392,Petroleum & Natural Gas Project 101392,Ministry of Petroleum & Natural Gas,Petroleum & Natural Gas,4745.15,5106.14,3116.02,72.3,On Track,7.61,False,False,True,True,
101393,Petroleum & Natural Gas Project 101393,Ministry of Petroleum & Natural Gas,Petroleum & Natural Gas,4436.97,5241.29,2198.06,57.0,Delayed,18.13,False,False,True,True,delays in detailed engineering
101394,Petroleum & Natural Gas Project 101394,Ministry of Petroleum & Natural Gas,Petroleum & Natural Gas,3102.99,3077.08,1497.22,57.0,On Track,-0.84,False,False,True,True,
101395,Petroleum & Natural Gas Project 101395,Ministry of Petroleum & Natural Gas,Petroleum & Natural Gas,1499.81,1518.57,365.61,32.5,Delayed,1.25,False,False,True,True,contractual disputes and arbitration
101396,Petroleum & Natural Gas Project 101396,Ministry of Petroleum & Natural Gas,Petroleum & Natural Gas,799.16,873.73,83.41,25.4,Delayed,9.33,False,False,True,True,land acquisition delays
101397,Petroleum & Natural Gas Project 101397,Ministry of Petroleum & Natural Gas,Petroleum & Natural Gas,6312.17,7193.69,4274.28,60.8,Delayed,13.97,False,False,True,True,financing tie-up delays
101398,Petroleum & Natural Gas Project 101398,Ministry of Petroleum & Natural Gas,Petroleum & Natural Gas,581.81,644.0,381.08,81.3,Delayed,10.69,False,False,True,True,forest/environment clearance delays
101399,Petroleum & Natural Gas Project 101399,Ministry of Petroleum & Natural Gas,Petroleum & Natural Gas,3386.13,3592.21,2469.54,94.6,On Track,6.09,False,False,True,True,
101400,Petroleum & Natural Gas Project 101400,Ministry of Petroleum & Natural Gas,Petroleum & Natural Gas,765.04,750.95,460.92,79.5,On Track,-1.84,False,False,True,True,
101401,Petroleum & Natural Gas Project 101401,Ministry of Petroleum & Natural Gas,Petroleum & Natural Gas,4130.63,4721.02,2672.65,75.9,Delayed,14.29,False,False,True,True,scope changes and structural revisions
101402,Petroleum & Natural Gas Project 101402,Ministry of Petroleum & Natural Gas,Petroleum & Natural Gas,1031.35,1196.48,800.91,99.6,Completed,16.01,False,False,True,True,
101403,Petroleum & Natural Gas Project 101403,Ministry of Petroleum & Natural Gas,Petroleum & Natural Gas,3252.19,3406.46,1625.65,58.1,On Track,4.74,False,False,True,True,
101404,Petroleum & Natural Gas Project 101404,Ministry of Petroleum & Natural Gas,Petroleum & Natural Gas,6398.54,7095.35,3271.27,57.9,Delayed,10.89,False,False,True,True,scope changes and structural revisions
101405,Petroleum & Natural Gas Project 101405,Ministry of Petroleum & Natural Gas,Petroleum & Natural Gas,9885.35,10252.15,4659.42,58.1,On Track,3.71,False,False,True,True,
101406,Petroleum & Natural Gas Project 101406,Ministry of Petroleum & Natural Gas,Petroleum & Natural Gas,1245.3,1462.19,882.46,77.0,Delayed,17.42,False,False,True,True,contractual disputes and arbitration
101407,Petroleum & Natural Gas Project 101407,Ministry of Petroleum & Natural Gas,Petroleum & Natural Gas,936.15,885.74,187.43,31.9,Delayed,-5.38,True,False,True,True,financing tie-up delays
101408,Petroleum & Natural Gas Project 101408,Ministry of Petroleum & Natural Gas,Petroleum & Natural Gas,1644.15,1555.62,574.95,40.3,Delayed,-5.38,True,False,True,True,contractual disputes and arbitration
101409,Petroleum & Natural Gas Project 101409,Ministry of Petroleum & Natural Gas,Petroleum & Natural Gas,2185.83,2416.35,1284.41,70.8,Delayed,10.55,False,False,True,True,scope changes and structural revisions
101410,Petroleum & Natural Gas Project 101410,Ministry of Petroleum & Natural Gas,Petroleum & Natural Gas,3309.45,3514.26,2486.9,98.7,On Track,6.19,False,False,True,True,
101411,Petroleum & Natural Gas Project 101411,Ministry of Petroleum & Natural Gas,Petroleum & Natural Gas,3880.91,4064.9,1940.74,74.2,On Track,4.74,False,False,True,True,
101412,Petroleum & Natural Gas Project 101412,Ministry of Petroleum & Natural Gas,Petroleum & Natural Gas,4215.98,4973.04,1909.05,50.0,Delayed,17.96,False,False,True,True,forest/environment clearance delays
101413,Petroleum & Natural Gas Project 101413,Ministry of Petroleum & Natural Gas,Petroleum & Natural Gas,3426.1,3602.66,1058.27,33.3,Delayed,5.15,False,False,True,True,forest/environment clearance delays
101414,Petroleum & Natural Gas Project 101414,Ministry of Petroleum & Natural Gas,Petroleum & Natural Gas,1836.4,2104.89,857.32,50.4,Delayed,14.62,False,False,True,True,land acquisition delays
101415,Petroleum & Natural Gas Project 101415,Ministry of Petroleum & Natural Gas,Petroleum & Natural Gas,1647.0,1759.68,1245.98,91.1,On Track,6.84,False,False,True,True,
101416,Petroleum & Natural Gas Project 101416,Ministry of Petroleum & Natural Gas,Petroleum & Natural Gas,4336.27,4170.31,1482.38,39.4,Delayed,-3.83,False,False,True,True,land acquisition delays
101417,Power Project 101417,Ministry of Power,Power,2950.69,3351.61,2368.94,91.8,Delayed,13.59,False,False,True,True,land acquisition delays
101418,Power Project 101418,Ministry of Power,Power,3608.74,3892.12,2269.94,84.1,On Track,7.85,False,False,True,True,
101419,Power Project 101419,Ministry of Power,Power,1958.97,2379.91,720.5,40.6,Delayed,21.49,False,False,True,True,financing tie-up delays
101420,Power Project 101420,Ministry of Power,Power,2212.14,2564.42,1213.34,61.6,Delayed,15.92,False,False,True,True,forest/environment clearance delays
101421,Power Project 101421,Ministry of Power,Power,5276.85,6334.6,2914.09,67.2,Delayed,20.05,False,False,True,True,land acquisition delays
101422,Power Project 101422,Ministry of Power,Power,2127.18,2596.15,764.54,48.2,Delayed,22.05,False,False,True,True,forest/environment clearance delays
101423,Power Project 101423,Ministry of Power,Power,2835.29,3251.87,2254.02,85.4,Delayed,14.69,False,False,True,True,contractual disputes and arbitration
101424,Power Project 101424,Ministry of Power,Power,1459.49,1560.04,819.2,68.8,On Track,6.89,False,False,True,True,
101425,Power Project 101425,Ministry of Power,Power,5922.18,5939.44,3772.24,82.0,On Track,0.29,False,False,True,True,
101426,Power Project 101426,Ministry of Power,Power,1461.14,1423.65,559.38,50.1,Delayed,-2.57,False,False,True,True,land acquisition delays
101427,Power Project 101427,Ministry of Power,Power,3722.67,4070.24,1862.42,57.1,Delayed,9.34,False,False,True,True,scope changes and structural revisions
101428,Power Project 101428,Ministry of Power,Power,7793.49,8440.31,2682.31,38.2,Delayed,8.3,False,False,True,True,forest/environment clearance delays
101429,Power Project 101429,Ministry of Power,Power,2942.43,3366.02,1843.05,71.3,Delayed,14.4,False,False,True,True,contractual disputes and arbitration
101430,Power Project 101430,Ministry of Power,Power,943.92,1059.18,659.23,86.2,Delayed,12.21,False,False,True,True,land acquisition delays
101431,Power Project 101431,Ministry of Power,Power,11281.07,12017.27,9446.15,89.8,On Track,6.53,False,False,True,True,
101432,Power Project 101432,Ministry of Power,Power,1750.91,1656.63,1127.06,80.2,On Track,-5.38,True,False,True,True,
101433,Power Project 101433,Ministry of Power,Power,2459.85,2760.57,1180.61,64.2,Delayed,12.23,False,False,True,True,financing tie-up delays
101434,Power Project 101434,Ministry of Power,Power,6480.87,7325.2,1297.55,18.8,Critical,13.03,False,False,True,True,forest/environment clearance delays
101435,Power Project 101435,Ministry of Power,Power,2655.87,3378.99,2470.52,86.0,Delayed,27.23,False,False,True,True,forest/environment clearance delays
101436,Power Project 101436,Ministry of Power,Power,2697.8,3330.3,1696.14,64.4,Delayed,23.45,False,False,True,True,forest/environment clearance delays
101437,Power Project 101437,Ministry of Power,Power,4269.4,4887.99,1716.46,38.3,Delayed,14.49,False,False,True,True,forest/environment clearance delays
101438,Power Project 101438,Ministry of Power,Power,2669.3,3211.97,2528.64,100.0,Completed,20.33,False,False,True,True,
101439,Power Project 101439,Ministry of Power,Power,1714.55,1890.64,890.05,66.7,Delayed,10.27,False,False,True,True,financing tie-up delays
101440,Power Project 101440,Ministry of Power,Power,3515.69,4101.45,1197.57,48.2,Delayed,16.66,False,False,True,True,law-and-order and local right-of-way issues
101441,Power Project 101441,Ministry of Power,Power,2858.53,3328.46,2158.26,78.6,Delayed,16.44,False,False,True,True,tendering and ordering delays
101442,Power Project 101442,Ministry of Power,Power,2380.44,2784.34,1785.36,87.9,Delayed,16.97,False,False,True,True,scope changes and structural revisions
101443,Power Project 101443,Ministry of Power,Power,10037.46,10778.0,1738.09,21.2,Critical,7.38,False,False,True,True,financing tie-up delays
101444,Power Project 101444,Ministry of Power,Power,2499.51,3175.65,1428.54,61.2,Delayed,27.05,False,False,True,True,forest/environment clearance delays
101445,Power Project 101445,Ministry of Power,Power,3239.85,3100.2,710.25,25.2,Delayed,-4.31,False,False,True,True,delays in detailed engineering
101446,Power Project 101446,Ministry of Power,Power,1711.06,1768.59,648.43,55.3,On Track,3.36,False,False,True,True,
101447,Power Project 101447,Ministry of Power,Power,4282.52,5165.61,3692.53,99.1,Completed,20.62,False,False,True,True,
101448,Power Project 101448,Ministry of Power,Power,4895.21,4862.06,1765.33,46.5,Delayed,-0.68,False,False,True,True,contractual disputes and arbitration
101449,Power Project 101449,Ministry of Power,Power,6854.68,7817.25,4096.95,66.3,Delayed,14.04,False,False,True,True,forest/environment clearance delays
101450,Power Project 101450,Ministry of Power,Power,3616.18,3067.65,1462.74,53.9,Delayed,-15.17,False,False,True,True,financing tie-up delays
101451,Power Project 101451,Ministry of Power,Power,2767.4,3075.87,779.92,40.7,Delayed,11.15,False,False,True,True,forest/environment clearance delays
101452,Power Project 101452,Ministry of Power,Power,2809.1,3045.53,1751.49,73.8,On Track,8.42,False,False,True,True,
101453,Power Project 101453,Ministry of Power,Power,15476.23,16230.88,4374.87,26.4,Delayed,4.88,False,False,True,True,scope changes and structural revisions
101454,Power Project 101454,Ministry of Power,Power,7184.22,8040.71,4272.82,64.0,Delayed,11.92,False,False,True,True,contractual disputes and arbitration
101455,Power Project 101455,Ministry of Power,Power,4429.86,4933.86,1868.19,46.5,Delayed,11.38,False,False,True,True,financing tie-up delays
101456,Power Project 101456,Ministry of Power,Power,1360.93,1406.97,914.11,82.9,On Track,3.38,False,False,True,True,
101457,Power Project 101457,Ministry of Power,Power,2699.22,3289.45,1203.62,52.4,Delayed,21.87,False,False,True,True,forest/environment clearance delays
101458,Power Project 101458,Ministry of Power,Power,2558.83,3040.91,1638.01,72.9,Delayed,18.84,False,False,True,True,land acquisition delays
101459,Power Project 101459,Ministry of Power,Power,543.63,567.17,276.54,55.2,On Track,4.33,False,False,True,True,
101460,Power Project 101460,Ministry of Power,Power,2654.86,2607.59,1871.16,98.8,On Track,-1.78,False,False,True,True,
101461,Power Project 101461,Ministry of Power,Power,1464.8,1593.46,1098.02,87.4,On Track,8.78,False,False,True,True,
101462,Power Project 101462,Ministry of Power,Power,3436.13,3251.12,610.21,22.7,Critical,-5.38,True,False,True,True,land acquisition delays
101463,Power Project 101463,Ministry of Power,Power,4722.56,5475.09,3826.3,84.4,Delayed,15.93,False,False,True,True,financing tie-up delays
101464,Power Project 101464,Ministry of Power,Power,2675.45,2906.2,1189.5,56.8,On Track,8.62,False,False,True,True,
101465,Power Project 101465,Ministry of Power,Power,14392.79,17057.09,9178.12,66.1,Delayed,18.51,False,False,True,True,contractual disputes and arbitration
101466,Power Project 101466,Ministry of Power,Power,1119.68,1306.67,742.73,76.5,Delayed,16.7,False,False,True,True,forest/environment clearance delays
101467,Power Project 101467,Ministry of Power,Power,2431.01,2595.42,1502.25,71.8,On Track,6.76,False,False,True,True,
101468,Power Project 101468,Ministry of Power,Power,3060.75,3841.71,1441.42,53.8,Delayed,25.52,False,False,True,True,land acquisition delays
101469,Power Project 101469,Ministry of Power,Power,6224.09,7150.03,540.63,7.7,Critical,14.88,False,False,True,True,financing tie-up delays
101470,Power Project 101470,Ministry of Power,Power,2315.98,2428.81,267.31,8.5,Critical,4.87,False,False,True,True,scope changes and structural revisions
101471,Power Project 101471,Ministry of Power,Power,2365.64,2684.25,1057.82,50.8,Delayed,13.47,False,False,True,True,land acquisition delays
101472,Power Project 101472,Ministry of Power,Power,934.6,920.09,512.08,70.3,On Track,-1.55,False,False,True,True,
101473,Power Project 101473,Ministry of Power,Power,1520.35,1496.67,918.02,72.2,On Track,-1.56,False,False,True,True,
101474,Power Project 101474,Ministry of Power,Power,1965.43,2217.18,1068.99,58.7,Delayed,12.81,False,False,True,True,land acquisition delays
101475,Power Project 101475,Ministry of Power,Power,2516.74,2919.45,749.25,34.2,Delayed,16.0,False,False,True,True,contractual disputes and arbitration
101476,Power Project 101476,Ministry of Power,Power,7740.31,8896.45,5820.55,99.4,Completed,14.94,False,False,True,True,
101477,Power Project 101477,Ministry of Power,Power,2592.34,2939.93,966.99,54.0,Delayed,13.41,False,False,True,True,tendering and ordering delays
101478,Power Project 101478,Ministry of Power,Power,10254.84,11348.52,6508.74,72.2,Delayed,10.67,False,False,True,True,contractual disputes and arbitration
101479,Power Project 101479,Ministry of Power,Power,2293.71,2746.6,1384.09,70.8,Delayed,19.74,False,False,True,True,delays in detailed engineering
101480,Power Project 101480,Ministry of Power,Power,1882.16,2120.64,1666.41,99.3,Completed,12.67,False,False,True,True,
101481,Power Project 101481,Ministry of Power,Power,1852.85,2318.68,998.95,49.6,Delayed,25.14,False,False,True,True,tendering and ordering delays
101482,Power Project 101482,Ministry of Power,Power,4462.7,5310.21,3890.35,98.7,Delayed,18.99,False,False,True,True,financing tie-up delays
101483,Power Project 101483,Ministry of Power,Power,4457.03,5133.44,2071.16,48.9,Delayed,15.18,False,False,True,True,contractual disputes and arbitration
101484,Power Project 101484,Ministry of Power,Power,2469.17,2710.99,2033.54,88.4,Delayed,9.79,False,False,True,True,forest/environment clearance delays
101485,Power Project 101485,Ministry of Power,Power,13996.0,15295.32,8842.71,77.1,Delayed,9.28,False,False,True,True,delays in detailed engineering
101486,Power Project 101486,Ministry of Power,Power,4072.86,4285.54,2179.25,67.7,On Track,5.22,False,False,True,True,
101487,Power Project 101487,Ministry of Power,Power,2563.27,2974.44,2003.67,91.7,Delayed,16.04,False,False,True,True,tendering and ordering delays
101488,Power Project 101488,Ministry of Power,Power,3331.25,3364.24,1659.95,65.6,On Track,0.99,False,False,True,True,
101489,Power Project 101489,Ministry of Power,Power,3427.99,3243.41,555.26,23.7,Critical,-5.38,True,False,True,True,law-and-order and local right-of-way issues
101490,Power Project 101490,Ministry of Power,Power,622.4,842.47,581.41,85.0,Delayed,35.36,False,False,True,True,scope changes and structural revisions
101491,Power Project 101491,Ministry of Power,Power,1293.93,1401.01,921.09,92.5,On Track,8.28,False,False,True,True,
101492,Power Project 101492,Ministry of Power,Power,3730.43,4554.11,2610.36,79.3,Delayed,22.08,False,False,True,True,land acquisition delays
101493,Power Project 101493,Ministry of Power,Power,4807.11,4713.52,856.64,24.7,Critical,-1.95,False,False,True,True,forest/environment clearance delays
101494,Power Project 101494,Ministry of Power,Power,3605.31,3411.19,1468.59,57.8,On Track,-5.38,True,False,True,True,
101495,Power Project 101495,Ministry of Power,Power,4548.44,5428.0,3336.3,80.0,Delayed,19.34,False,False,True,True,scope changes and structural revisions
101496,Power Project 101496,Ministry of Power,Power,1829.1,2259.94,1733.08,92.2,Delayed,23.55,False,False,True,True,tendering and ordering delays
101497,Power Project 101497,Ministry of Power,Power,7411.04,8845.13,4455.97,63.1,Delayed,19.35,False,False,True,True,law-and-order and local right-of-way issues
101498,Power Project 101498,Ministry of Power,Power,2342.87,2216.72,1565.8,85.0,On Track,-5.38,True,False,True,True,
101499,Power Project 101499,Ministry of Power,Power,4705.26,6109.88,2513.7,54.8,Delayed,29.85,False,False,True,True,forest/environment clearance delays
101500,Power Project 101500,Ministry of Power,Power,2751.65,2850.81,1832.69,99.6,Completed,3.6,False,False,True,True,
101501,Power Project 101501,Ministry of Power,Power,16104.6,15718.27,4514.51,30.2,Delayed,-2.4,False,False,True,True,delays in detailed engineering
101502,Power Project 101502,Ministry of Power,Power,1163.5,1294.84,311.65,36.6,Delayed,11.29,False,False,True,True,tendering and ordering delays
101503,Power Project 101503,Ministry of Power,Power,1534.01,1746.21,692.74,48.3,Delayed,13.83,False,False,True,True,forest/environment clearance delays
101504,Power Project 101504,Ministry of Power,Power,2939.36,3289.67,1827.32,70.8,Delayed,11.92,False,False,True,True,contractual disputes and arbitration
101505,Power Project 101505,Ministry of Power,Power,2452.42,2566.93,1173.29,67.4,On Track,4.67,False,False,True,True,
101506,Power Project 101506,Ministry of Power,Power,1772.51,1865.67,660.39,46.0,Delayed,5.26,False,False,True,True,scope changes and structural revisions
101507,Power Project 101507,Ministry of Power,Power,3076.96,3491.5,2228.15,86.8,Delayed,13.47,False,False,True,True,land acquisition delays
101508,Power Project 101508,Ministry of Power,Power,9850.14,12184.72,6338.0,56.2,Delayed,23.7,False,False,True,True,land acquisition delays
101509,Power Project 101509,Ministry of Power,Power,1453.4,1474.71,905.64,78.9,On Track,1.47,False,False,True,True,
101510,Power Project 101510,Ministry of Power,Power,2305.32,2908.35,1524.57,60.3,Delayed,26.16,False,False,True,True,scope changes and structural revisions
101511,Power Project 101511,Ministry of Power,Power,4056.26,4452.9,3254.72,99.8,Completed,9.78,False,False,True,True,
101512,Coal Project 101512,Ministry of Coal,Coal,1656.86,1816.5,874.78,52.5,Delayed,9.64,False,False,True,True,contractual disputes and arbitration
101513,Coal Project 101513,Ministry of Coal,Coal,737.23,745.05,509.23,94.0,On Track,1.06,False,False,True,True,
101514,Coal Project 101514,Ministry of Coal,Coal,1859.32,2029.86,855.48,58.0,Delayed,9.17,False,False,True,True,geological surprises
101515,Coal Project 101515,Ministry of Coal,Coal,1919.42,2128.81,203.67,11.8,Critical,10.91,False,False,True,True,delays in detailed engineering
101516,Coal Project 101516,Ministry of Coal,Coal,722.99,817.67,431.6,54.1,Delayed,13.1,False,False,True,True,forest/environment clearance delays
101517,Coal Project 101517,Ministry of Coal,Coal,630.24,701.75,384.52,71.9,Delayed,11.35,False,False,True,True,land acquisition delays
101518,Coal Project 101518,Ministry of Coal,Coal,389.36,432.35,226.22,66.3,Delayed,11.04,False,False,True,True,financing tie-up delays
101519,Coal Project 101519,Ministry of Coal,Coal,1015.06,1048.73,522.57,66.4,On Track,3.32,False,False,True,True,
101520,Coal Project 101520,Ministry of Coal,Coal,930.38,1053.55,432.81,50.4,Delayed,13.24,False,False,True,True,land acquisition delays
101521,Coal Project 101521,Ministry of Coal,Coal,1932.6,2254.32,979.02,54.3,Delayed,16.65,False,False,True,True,tendering and ordering delays
101522,Coal Project 101522,Ministry of Coal,Coal,1239.32,1259.55,217.98,21.6,Critical,1.63,False,False,True,True,contractual disputes and arbitration
101523,Coal Project 101523,Ministry of Coal,Coal,1123.54,1146.61,427.18,41.9,Delayed,2.05,False,False,True,True,land acquisition delays
101524,Coal Project 101524,Ministry of Coal,Coal,1597.23,1641.57,920.59,78.9,On Track,2.78,False,False,True,True,
101525,Coal Project 101525,Ministry of Coal,Coal,527.12,579.58,210.02,50.4,Delayed,9.95,False,False,True,True,land acquisition delays
101526,Coal Project 101526,Ministry of Coal,Coal,547.98,606.03,232.36,38.9,Delayed,10.59,False,False,True,True,tendering and ordering delays
101527,Coal Project 101527,Ministry of Coal,Coal,1215.77,1325.01,561.32,50.7,Delayed,8.99,False,False,True,True,forest/environment clearance delays
101528,Coal Project 101528,Ministry of Coal,Coal,3065.59,3323.5,2014.37,73.6,On Track,8.41,False,False,True,True,
101529,Coal Project 101529,Ministry of Coal,Coal,1141.54,1249.43,541.52,57.4,Delayed,9.45,False,False,True,True,forest/environment clearance delays
101530,Coal Project 101530,Ministry of Coal,Coal,2411.6,2630.75,488.26,22.0,Critical,9.09,False,False,True,True,financing tie-up delays
101531,Coal Project 101531,Ministry of Coal,Coal,1078.06,1093.35,817.77,99.1,Completed,1.42,False,False,True,True,
101532,Coal Project 101532,Ministry of Coal,Coal,501.69,504.19,214.22,56.0,On Track,0.5,False,False,True,True,
101533,Coal Project 101533,Ministry of Coal,Coal,2076.48,2378.98,612.07,25.5,Delayed,14.57,False,False,True,True,scope changes and structural revisions
101534,Coal Project 101534,Ministry of Coal,Coal,1920.05,2131.48,1146.39,65.3,Delayed,11.01,False,False,True,True,land acquisition delays
101535,Coal Project 101535,Ministry of Coal,Coal,534.76,559.83,175.38,32.3,Delayed,4.69,False,False,True,True,contractual disputes and arbitration
101536,Coal Project 101536,Ministry of Coal,Coal,476.59,441.19,167.18,50.4,Delayed,-7.43,False,False,True,True,land acquisition delays
101537,Coal Project 101537,Ministry of Coal,Coal,1280.3,1465.54,909.82,70.0,Delayed,14.47,False,False,True,True,scope changes and structural revisions
101538,Coal Project 101538,Ministry of Coal,Coal,4048.71,4294.48,1415.15,31.7,Delayed,6.07,False,False,True,True,forest/environment clearance delays
101539,Coal Project 101539,Ministry of Coal,Coal,4286.19,4317.46,3030.99,98.1,On Track,0.73,False,False,True,True,
101540,Coal Project 101540,Ministry of Coal,Coal,730.45,783.01,540.63,87.0,On Track,7.2,False,False,True,True,
101541,Coal Project 101541,Ministry of Coal,Coal,556.39,622.27,171.64,42.0,Delayed,11.84,False,False,True,True,land acquisition delays
101542,Coal Project 101542,Ministry of Coal,Coal,1010.47,1053.82,768.57,98.1,On Track,4.29,False,False,True,True,
101543,Coal Project 101543,Ministry of Coal,Coal,598.64,566.41,280.13,60.9,On Track,-5.38,True,False,True,True,
101544,Coal Project 101544,Ministry of Coal,Coal,2181.38,2316.69,831.46,43.7,Delayed,6.2,False,False,True,True,land acquisition delays
101545,Coal Project 101545,Ministry of Coal,Coal,1644.49,1797.15,630.9,42.3,Delayed,9.28,False,False,True,True,financing tie-up delays
101546,Coal Project 101546,Ministry of Coal,Coal,362.8,406.23,282.29,97.5,Delayed,11.97,False,False,True,True,land acquisition delays
101547,Coal Project 101547,Ministry of Coal,Coal,2519.32,2579.83,2040.65,98.9,On Track,2.4,False,False,True,True,
101548,Coal Project 101548,Ministry of Coal,Coal,454.15,524.82,198.52,54.2,Delayed,15.56,False,False,True,True,delays in detailed engineering
101549,Coal Project 101549,Ministry of Coal,Coal,987.02,961.76,483.09,64.8,On Track,-2.56,False,False,True,True,
101550,Coal Project 101550,Ministry of Coal,Coal,964.64,1071.78,539.73,63.0,Delayed,11.11,False,False,True,True,delays in detailed engineering
101551,Coal Project 101551,Ministry of Coal,Coal,861.86,912.85,272.7,42.1,Delayed,5.92,False,False,True,True,land acquisition delays
101552,Coal Project 101552,Ministry of Coal,Coal,281.54,313.2,133.93,50.8,Delayed,11.25,False,False,True,True,land acquisition delays
101553,Coal Project 101553,Ministry of Coal,Coal,940.15,981.4,503.88,69.9,On Track,4.39,False,False,True,True,
101554,Coal Project 101554,Ministry of Coal,Coal,1135.5,1149.2,863.34,88.2,On Track,1.21,False,False,True,True,
101555,Coal Project 101555,Ministry of Coal,Coal,1193.46,1200.42,684.36,79.1,On Track,0.58,False,False,True,True,
101556,Coal Project 101556,Ministry of Coal,Coal,718.55,836.85,292.96,39.1,Delayed,16.46,False,False,True,True,geological surprises
101557,Coal Project 101557,Ministry of Coal,Coal,654.05,679.78,106.87,13.2,Critical,3.93,False,False,True,True,land acquisition delays
101558,Coal Project 101558,Ministry of Coal,Coal,2679.2,2590.38,714.74,36.6,Delayed,-3.32,False,False,True,True,scope changes and structural revisions
101559,Coal Project 101559,Ministry of Coal,Coal,857.83,902.93,545.15,76.7,On Track,5.26,False,False,True,True,
101560,Coal Project 101560,Ministry of Coal,Coal,482.69,481.05,168.38,47.3,Delayed,-0.34,False,False,True,True,land acquisition delays
101561,Coal Project 101561,Ministry of Coal,Coal,1647.49,1740.77,1280.86,100.0,Completed,5.66,False,False,True,True,
101562,Coal Project 101562,Ministry of Coal,Coal,896.41,888.22,319.43,50.1,Delayed,-0.91,False,False,True,True,forest/environment clearance delays
101563,Coal Project 101563,Ministry of Coal,Coal,402.77,420.98,250.46,76.4,On Track,4.52,False,False,True,True,
101564,Coal Project 101564,Ministry of Coal,Coal,2023.07,2117.5,1373.41,84.1,On Track,4.67,False,False,True,True,
101565,Coal Project 101565,Ministry of Coal,Coal,1433.28,1590.48,1106.05,84.1,Delayed,10.97,False,False,True,True,forest/environment clearance delays
101566,Coal Project 101566,Ministry of Coal,Coal,1585.54,1728.81,894.29,75.1,Delayed,9.04,False,False,True,True,financing tie-up delays
101567,Coal Project 101567,Ministry of Coal,Coal,498.92,562.89,98.01,13.8,Critical,12.82,False,False,True,True,tendering and ordering delays
101568,Coal Project 101568,Ministry of Coal,Coal,401.41,425.25,170.56,54.1,Delayed,5.94,False,False,True,True,tendering and ordering delays
101569,Coal Project 101569,Ministry of Coal,Coal,272.5,278.24,172.56,71.3,On Track,2.11,False,False,True,True,
101570,Coal Project 101570,Ministry of Coal,Coal,1062.11,1183.3,199.09,20.5,Critical,11.41,False,False,True,True,financing tie-up delays
101571,Coal Project 101571,Ministry of Coal,Coal,894.11,948.89,538.95,69.2,On Track,6.13,False,False,True,True,
101572,Coal Project 101572,Ministry of Coal,Coal,494.55,529.67,178.33,37.1,Delayed,7.1,False,False,True,True,land acquisition delays
101573,Coal Project 101573,Ministry of Coal,Coal,738.48,859.77,185.67,28.0,Delayed,16.42,False,False,True,True,land acquisition delays
101574,Coal Project 101574,Ministry of Coal,Coal,358.25,369.77,70.26,20.9,Critical,3.22,False,False,True,True,scope changes and structural revisions
101575,Coal Project 101575,Ministry of Coal,Coal,592.57,560.66,342.64,79.2,On Track,-5.39,True,False,True,True,
101576,Coal Project 101576,Ministry of Coal,Coal,833.83,867.3,285.3,52.0,Delayed,4.01,False,False,True,True,land acquisition delays
101577,Coal Project 101577,Ministry of Coal,Coal,1700.97,1879.87,1479.06,99.2,Completed,10.52,False,False,True,True,
101578,Coal Project 101578,Ministry of Coal,Coal,1864.33,2031.75,606.56,42.5,Delayed,8.98,False,False,True,True,law-and-order and local right-of-way issues
101579,Coal Project 101579,Ministry of Coal,Coal,725.02,789.39,348.43,48.1,Delayed,8.88,False,False,True,True,forest/environment clearance delays
101580,Coal Project 101580,Ministry of Coal,Coal,651.77,688.53,185.63,37.7,Delayed,5.64,False,False,True,True,land acquisition delays
101581,Coal Project 101581,Ministry of Coal,Coal,910.07,936.74,368.94,55.8,On Track,2.93,False,False,True,True,
101582,Coal Project 101582,Ministry of Coal,Coal,1743.85,1883.14,615.81,42.0,Delayed,7.99,False,False,True,True,land acquisition delays
101583,Coal Project 101583,Ministry of Coal,Coal,687.0,692.86,487.43,91.0,On Track,0.85,False,False,True,True,
101584,Coal Project 101584,Ministry of Coal,Coal,1675.07,1774.9,1162.68,76.0,On Track,5.96,False,False,True,True,
101585,Coal Project 101585,Ministry of Coal,Coal,1296.99,1215.66,503.19,53.6,Delayed,-6.27,False,False,True,True,land acquisition delays
101586,Coal Project 101586,Ministry of Coal,Coal,2694.19,2905.16,1234.19,46.6,Delayed,7.83,False,False,True,True,land acquisition delays
101587,Coal Project 101587,Ministry of Coal,Coal,2823.61,2701.93,1840.64,89.1,On Track,-4.31,False,False,True,True,
101588,Coal Project 101588,Ministry of Coal,Coal,649.16,690.32,412.07,86.8,On Track,6.34,False,False,True,True,
101589,Coal Project 101589,Ministry of Coal,Coal,1230.12,1293.83,612.06,60.0,On Track,5.18,False,False,True,True,
101590,Coal Project 101590,Ministry of Coal,Coal,378.59,385.14,112.35,44.5,Delayed,1.73,False,False,True,True,land acquisition delays
101591,Coal Project 101591,Ministry of Coal,Coal,2213.22,2387.11,1888.21,94.9,On Track,7.86,False,False,True,True,
101592,Coal Project 101592,Ministry of Coal,Coal,605.61,652.98,326.87,57.2,On Track,7.82,False,False,True,True,
101593,Coal Project 101593,Ministry of Coal,Coal,595.63,563.56,200.02,45.8,Delayed,-5.38,True,False,True,True,delays in detailed engineering
101594,Coal Project 101594,Ministry of Coal,Coal,2436.86,2538.09,1257.08,78.1,On Track,4.15,False,False,True,True,
101595,Coal Project 101595,Ministry of Coal,Coal,1271.41,1398.07,534.18,51.3,Delayed,9.96,False,False,True,True,contractual disputes and arbitration
101596,Coal Project 101596,Ministry of Coal,Coal,442.25,427.25,193.57,55.4,On Track,-3.39,False,False,True,True,
101597,Coal Project 101597,Ministry of Coal,Coal,521.01,546.15,262.43,62.0,On Track,4.83,False,False,True,True,
101598,Coal Project 101598,Ministry of Coal,Coal,1253.36,1266.9,299.77,32.1,Delayed,1.08,False,False,True,True,tendering and ordering delays
101599,Coal Project 101599,Ministry of Coal,Coal,931.72,881.55,298.0,36.2,Delayed,-5.38,True,False,True,True,contractual disputes and arbitration
101600,Water Resources Project 101600,Ministry of Jal Shakti,Water Resources,5656.52,12503.0,939.24,18.0,Critical,121.04,False,False,True,True,financing tie-up delays
101601,Water Resources Project 101601,Ministry of Jal Shakti,Water Resources,1399.67,1443.77,55.98,2.5,Critical,3.15,False,False,True,True,geological surprises
101602,Water Resources Project 101602,Ministry of Jal Shakti,Water Resources,4106.49,5935.86,2980.24,69.5,Critical,44.55,False,False,True,True,forest/environment clearance delays
101603,Water Resources Project 101603,Ministry of Jal Shakti,Water Resources,1634.66,1603.48,1189.08,99.6,Completed,-1.91,False,False,True,True,
101604,Water Resources Project 101604,Ministry of Jal Shakti,Water Resources,3404.0,5556.09,1630.69,28.3,Critical,63.22,False,False,True,True,contractual disputes and arbitration
101605,Water Resources Project 101605,Ministry of Jal Shakti,Water Resources,1815.55,2785.2,2203.09,100.0,Completed,53.41,False,False,True,True,
101606,Water Resources Project 101606,Ministry of Jal Shakti,Water Resources,3308.05,3129.93,2348.64,100.0,Completed,-5.38,True,False,True,True,
101607,Water Resources Project 101607,Ministry of Jal Shakti,Water Resources,2116.45,3594.58,1160.01,35.2,Critical,69.84,False,False,True,True,forest/environment clearance delays
101608,Water Resources Project 101608,Ministry of Jal Shakti,Water Resources,1405.12,1901.34,1447.19,98.0,Delayed,35.32,False,False,True,True,tendering and ordering delays
101609,Water Resources Project 101609,Ministry of Jal Shakti,Water Resources,6058.26,8344.47,6074.18,98.4,Delayed,37.74,False,False,True,True,contractual disputes and arbitration
101610,Water Resources Project 101610,Ministry of Jal Shakti,Water Resources,6409.33,8256.12,6317.98,99.7,Completed,28.81,False,False,True,True,
101611,Water Resources Project 101611,Ministry of Jal Shakti,Water Resources,3285.48,5592.15,2499.77,61.8,Critical,70.21,False,False,True,True,delays in detailed engineering
101612,Water Resources Project 101612,Ministry of Jal Shakti,Water Resources,6125.26,8621.84,4542.06,62.7,Delayed,40.76,False,False,True,True,financing tie-up delays
101613,Water Resources Project 101613,Ministry of Jal Shakti,Water Resources,1603.38,3125.96,446.24,25.7,Critical,94.96,False,False,True,True,forest/environment clearance delays
101614,Water Resources Project 101614,Ministry of Jal Shakti,Water Resources,2093.9,2743.58,1442.4,75.2,Delayed,31.03,False,False,True,True,forest/environment clearance delays
101615,Water Resources Project 101615,Ministry of Jal Shakti,Water Resources,2458.14,4726.04,1247.38,29.6,Critical,92.26,False,False,True,True,land acquisition delays
101616,Water Resources Project 101616,Ministry of Jal Shakti,Water Resources,635.05,1482.25,507.7,41.0,Critical,133.41,False,False,True,True,land acquisition delays
101617,Water Resources Project 101617,Ministry of Jal Shakti,Water Resources,2998.65,4969.93,3100.01,64.4,Critical,65.74,False,False,True,True,forest/environment clearance delays
101618,Water Resources Project 101618,Ministry of Jal Shakti,Water Resources,2209.9,3176.05,2378.19,97.4,Critical,43.72,False,False,True,True,forest/environment clearance delays
101619,Water Resources Project 101619,Ministry of Jal Shakti,Water Resources,1033.32,1591.4,938.69,67.2,Critical,54.01,False,False,True,True,contractual disputes and arbitration
101620,Water Resources Project 101620,Ministry of Jal Shakti,Water Resources,2710.78,4635.8,3322.31,92.6,Critical,71.01,False,False,True,True,delays in detailed engineering
101621,Water Resources Project 101621,Ministry of Jal Shakti,Water Resources,1006.06,2093.5,263.22,16.9,Critical,108.09,False,False,True,True,forest/environment clearance delays
101622,Water Resources Project 101622,Ministry of Jal Shakti,Water Resources,819.61,977.62,363.69,44.6,Delayed,19.28,False,False,True,True,contractual disputes and arbitration
101623,Water Resources Project 101623,Ministry of Jal Shakti,Water Resources,2355.63,3048.44,507.99,26.7,Delayed,29.41,False,False,True,True,land acquisition delays
101624,Water Resources Project 101624,Ministry of Jal Shakti,Water Resources,1559.17,2118.85,1024.7,62.5,Delayed,35.9,False,False,True,True,financing tie-up delays
101625,Water Resources Project 101625,Ministry of Jal Shakti,Water Resources,815.17,1842.33,610.28,45.0,Critical,126.01,False,False,True,True,contractual disputes and arbitration
101626,Water Resources Project 101626,Ministry of Jal Shakti,Water Resources,1265.32,2776.95,1179.74,55.4,Critical,119.47,False,False,True,True,land acquisition delays
101627,Water Resources Project 101627,Ministry of Jal Shakti,Water Resources,3117.09,6139.21,2719.33,62.2,Critical,96.95,False,False,True,True,geological surprises
101628,Water Resources Project 101628,Ministry of Jal Shakti,Water Resources,1642.02,2018.27,802.17,53.9,Delayed,22.91,False,False,True,True,forest/environment clearance delays
101629,Water Resources Project 101629,Ministry of Jal Shakti,Water Resources,1502.98,2592.39,794.92,35.6,Critical,72.48,False,False,True,True,contractual disputes and arbitration
101630,Water Resources Project 101630,Ministry of Jal Shakti,Water Resources,981.55,1833.77,729.24,42.3,Critical,86.82,False,False,True,True,geological surprises
101631,Water Resources Project 101631,Ministry of Jal Shakti,Water Resources,1845.19,2128.66,723.57,47.9,Delayed,15.36,False,False,True,True,land acquisition delays
101632,Water Resources Project 101632,Ministry of Jal Shakti,Water Resources,4133.43,7209.84,3463.56,70.2,Critical,74.43,False,False,True,True,land acquisition delays
101633,Water Resources Project 101633,Ministry of Jal Shakti,Water Resources,1822.91,3893.11,1253.1,45.8,Critical,113.57,False,False,True,True,law-and-order and local right-of-way issues
101634,Water Resources Project 101634,Ministry of Jal Shakti,Water Resources,6801.78,12793.42,5365.9,58.7,Critical,88.09,False,False,True,True,financing tie-up delays
101635,Water Resources Project 101635,Ministry of Jal Shakti,Water Resources,5334.17,7472.98,5292.29,98.7,Delayed,40.1,False,False,True,True,forest/environment clearance delays
101636,Water Resources Project 101636,Ministry of Jal Shakti,Water Resources,1399.64,1968.57,784.93,55.5,Delayed,40.65,False,False,True,True,scope changes and structural revisions
101637,Water Resources Project 101637,Ministry of Jal Shakti,Water Resources,2538.66,3842.17,1429.47,50.0,Critical,51.35,False,False,True,True,land acquisition delays
101638,Water Resources Project 101638,Ministry of Jal Shakti,Water Resources,1514.69,3076.11,1214.4,43.5,Critical,103.09,False,False,True,True,forest/environment clearance delays
101639,Water Resources Project 101639,Ministry of Jal Shakti,Water Resources,10345.25,18597.04,9559.27,63.2,Critical,79.76,False,False,True,True,tendering and ordering delays
101640,Water Resources Project 101640,Ministry of Jal Shakti,Water Resources,1890.12,2991.88,682.05,28.3,Critical,58.29,False,False,True,True,land acquisition delays
101641,Healthcare Project 101641,Ministry of Health & Family Welfare,Healthcare,341.86,418.19,202.41,64.1,Delayed,22.33,False,False,True,True,land acquisition delays
101642,Healthcare Project 101642,Ministry of Health & Family Welfare,Healthcare,807.44,1036.07,550.8,72.5,Delayed,28.32,False,False,True,True,law-and-order and local right-of-way issues
101643,Healthcare Project 101643,Ministry of Health & Family Welfare,Healthcare,1671.31,1726.72,1365.84,99.0,Completed,3.32,False,False,True,True,
101644,Healthcare Project 101644,Ministry of Health & Family Welfare,Healthcare,1006.53,1071.28,590.25,86.2,On Track,6.43,False,False,True,True,
101645,Healthcare Project 101645,Ministry of Health & Family Welfare,Healthcare,495.54,533.83,217.62,46.4,Delayed,7.73,False,False,True,True,tendering and ordering delays
101646,Healthcare Project 101646,Ministry of Health & Family Welfare,Healthcare,319.57,378.41,103.6,39.3,Delayed,18.41,False,False,True,True,land acquisition delays
101647,Healthcare Project 101647,Ministry of Health & Family Welfare,Healthcare,714.48,883.92,389.93,55.1,Delayed,23.72,False,False,True,True,forest/environment clearance delays
101648,Healthcare Project 101648,Ministry of Health & Family Welfare,Healthcare,317.42,392.39,154.55,39.7,Delayed,23.62,False,False,True,True,financing tie-up delays
101649,Healthcare Project 101649,Ministry of Health & Family Welfare,Healthcare,452.21,481.49,337.13,90.2,On Track,6.47,False,False,True,True,
101650,Healthcare Project 101650,Ministry of Health & Family Welfare,Healthcare,1414.34,1677.77,499.78,37.1,Delayed,18.63,False,False,True,True,scope changes and structural revisions
101651,Healthcare Project 101651,Ministry of Health & Family Welfare,Healthcare,384.5,464.51,207.21,48.9,Delayed,20.81,False,False,True,True,forest/environment clearance delays
101652,Healthcare Project 101652,Ministry of Health & Family Welfare,Healthcare,1994.51,2669.83,254.94,19.7,Critical,33.86,False,False,True,True,land acquisition delays
101653,Healthcare Project 101653,Ministry of Health & Family Welfare,Healthcare,698.76,848.87,364.91,47.1,Delayed,21.48,False,False,True,True,land acquisition delays
101654,Healthcare Project 101654,Ministry of Health & Family Welfare,Healthcare,838.66,981.19,190.77,32.5,Delayed,16.99,False,False,True,True,land acquisition delays
101655,Healthcare Project 101655,Ministry of Health & Family Welfare,Healthcare,1203.97,1355.74,117.77,13.8,Critical,12.61,False,False,True,True,land acquisition delays
101656,Healthcare Project 101656,Ministry of Health & Family Welfare,Healthcare,702.32,738.17,444.06,65.7,On Track,5.1,False,False,True,True,
101657,Healthcare Project 101657,Ministry of Health & Family Welfare,Healthcare,333.23,347.82,94.99,39.4,Delayed,4.38,False,False,True,True,forest/environment clearance delays
101658,Healthcare Project 101658,Ministry of Health & Family Welfare,Healthcare,576.31,634.25,169.04,34.4,Delayed,10.05,False,False,True,True,delays in detailed engineering
101659,Healthcare Project 101659,Ministry of Health & Family Welfare,Healthcare,528.78,502.92,216.87,62.6,On Track,-4.89,False,False,True,True,
101660,Healthcare Project 101660,Ministry of Health & Family Welfare,Healthcare,123.93,140.4,52.15,48.1,Delayed,13.29,False,False,True,True,forest/environment clearance delays
101661,Healthcare Project 101661,Ministry of Health & Family Welfare,Healthcare,400.96,452.83,185.15,46.6,Delayed,12.94,False,False,True,True,forest/environment clearance delays
101662,Healthcare Project 101662,Ministry of Health & Family Welfare,Healthcare,1453.85,1629.08,1234.23,100.0,Completed,12.05,False,False,True,True,
101663,Healthcare Project 101663,Ministry of Health & Family Welfare,Healthcare,389.07,429.14,141.06,55.5,Delayed,10.3,False,False,True,True,forest/environment clearance delays
101664,Healthcare Project 101664,Ministry of Health & Family Welfare,Healthcare,660.83,691.52,378.52,73.9,On Track,4.64,False,False,True,True,
101665,Healthcare Project 101665,Ministry of Health & Family Welfare,Healthcare,741.88,835.32,315.85,46.6,Delayed,12.6,False,False,True,True,contractual disputes and arbitration
101666,Healthcare Project 101666,Ministry of Health & Family Welfare,Healthcare,942.0,1105.14,575.37,80.4,Delayed,17.32,False,False,True,True,forest/environment clearance delays
101667,Healthcare Project 101667,Ministry of Health & Family Welfare,Healthcare,363.46,454.67,112.77,39.9,Delayed,25.09,False,False,True,True,land acquisition delays
101668,Healthcare Project 101668,Ministry of Health & Family Welfare,Healthcare,494.17,562.58,129.47,39.1,Delayed,13.84,False,False,True,True,land acquisition delays
101669,Healthcare Project 101669,Ministry of Health & Family Welfare,Healthcare,939.88,1109.14,603.8,68.4,Delayed,18.01,False,False,True,True,contractual disputes and arbitration
101670,Healthcare Project 101670,Ministry of Health & Family Welfare,Healthcare,235.42,292.78,113.81,43.7,Delayed,24.36,False,False,True,True,land acquisition delays
101671,Healthcare Project 101671,Ministry of Health & Family Welfare,Healthcare,786.17,743.84,182.17,41.5,Delayed,-5.38,True,False,True,True,forest/environment clearance delays
101672,Healthcare Project 101672,Ministry of Health & Family Welfare,Healthcare,407.83,493.54,242.59,65.0,Delayed,21.02,False,False,True,True,forest/environment clearance delays
101673,Healthcare Project 101673,Ministry of Health & Family Welfare,Healthcare,1768.74,2023.47,1600.56,97.4,Delayed,14.4,False,False,True,True,tendering and ordering delays
101674,Healthcare Project 101674,Ministry of Health & Family Welfare,Healthcare,678.87,735.08,361.92,56.6,On Track,8.28,False,False,True,True,
101675,Healthcare Project 101675,Ministry of Health & Family Welfare,Healthcare,1380.31,1744.09,921.91,60.3,Delayed,26.35,False,False,True,True,delays in detailed engineering
101676,Healthcare Project 101676,Ministry of Health & Family Welfare,Healthcare,1054.86,1162.66,758.76,76.4,Delayed,10.22,False,False,True,True,financing tie-up delays
101677,Healthcare Project 101677,Ministry of Health & Family Welfare,Healthcare,618.21,584.93,293.72,63.6,On Track,-5.38,True,False,True,True,
101678,Urban Public Transport Project 101678,Ministry of Housing & Urban Affairs,Urban Public Transport,1835.83,1890.51,484.27,31.1,Delayed,2.98,False,False,True,True,land acquisition delays
101679,Urban Public Transport Project 101679,Ministry of Housing & Urban Affairs,Urban Public Transport,5523.15,4985.54,2516.15,57.6,On Track,-9.73,False,False,True,True,
101680,Urban Public Transport Project 101680,Ministry of Housing & Urban Affairs,Urban Public Transport,4542.94,4041.38,1517.85,49.3,Delayed,-11.04,False,False,True,True,land acquisition delays
101681,Urban Public Transport Project 101681,Ministry of Housing & Urban Affairs,Urban Public Transport,1363.66,1290.23,268.25,28.4,Delayed,-5.38,True,False,True,True,forest/environment clearance delays
101682,Urban Public Transport Project 101682,Ministry of Housing & Urban Affairs,Urban Public Transport,3054.84,3059.48,513.83,30.3,Delayed,0.15,False,False,True,True,land acquisition delays
101683,Urban Public Transport Project 101683,Ministry of Housing & Urban Affairs,Urban Public Transport,1844.69,1987.17,987.46,72.7,On Track,7.72,False,False,True,True,
101684,Urban Public Transport Project 101684,Ministry of Housing & Urban Affairs,Urban Public Transport,7775.13,8165.94,4663.28,80.8,On Track,5.03,False,False,True,True,
101685,Urban Public Transport Project 101685,Ministry of Housing & Urban Affairs,Urban Public Transport,4886.41,4898.17,1989.92,50.3,Delayed,0.24,False,False,True,True,tendering and ordering delays
101686,Urban Public Transport Project 101686,Ministry of Housing & Urban Affairs,Urban Public Transport,6596.18,6540.85,4516.3,99.6,Completed,-0.84,False,False,True,True,
101687,Urban Public Transport Project 101687,Ministry of Housing & Urban Affairs,Urban Public Transport,2676.56,2619.1,901.19,41.9,Delayed,-2.15,False,False,True,True,financing tie-up delays
101688,Urban Public Transport Project 101688,Ministry of Housing & Urban Affairs,Urban Public Transport,754.21,749.98,532.67,82.0,On Track,-0.56,False,False,True,True,
101689,Urban Public Transport Project 101689,Ministry of Housing & Urban Affairs,Urban Public Transport,3371.37,3069.11,2117.23,79.5,On Track,-8.97,False,False,True,True,
101690,Urban Public Transport Project 101690,Ministry of Housing & Urban Affairs,Urban Public Transport,2541.77,2475.46,1395.66,80.5,On Track,-2.61,False,False,True,True,
101691,Urban Public Transport Project 101691,Ministry of Housing & Urban Affairs,Urban Public Transport,2369.7,2242.11,1680.7,98.8,On Track,-5.38,True,False,True,True,
101692,Urban Public Transport Project 101692,Ministry of Housing & Urban Affairs,Urban Public Transport,2810.25,2897.35,1165.92,45.2,Delayed,3.1,False,False,True,True,forest/environment clearance delays
101693,Urban Public Transport Project 101693,Ministry of Housing & Urban Affairs,Urban Public Transport,17064.65,17021.66,2943.1,20.2,Critical,-0.25,False,False,True,True,delays in detailed engineering
101694,Urban Public Transport Project 101694,Ministry of Housing & Urban Affairs,Urban Public Transport,6445.17,7428.28,2098.01,41.2,Delayed,15.25,False,False,True,True,law-and-order and local right-of-way issues
101695,Urban Public Transport Project 101695,Ministry of Housing & Urban Affairs,Urban Public Transport,7587.65,7699.91,4336.78,79.4,On Track,1.48,False,False,True,True,
101696,Urban Public Transport Project 101696,Ministry of Housing & Urban Affairs,Urban Public Transport,3630.62,3937.65,2696.13,88.4,On Track,8.46,False,False,True,True,
101697,Urban Public Transport Project 101697,Ministry of Housing & Urban Affairs,Urban Public Transport,2682.65,2598.41,752.24,39.6,Delayed,-3.14,False,False,True,True,delays in detailed engineering
101698,Urban Public Transport Project 101698,Ministry of Housing & Urban Affairs,Urban Public Transport,4670.58,4668.19,2300.45,63.8,On Track,-0.05,False,False,True,True,
101699,Urban Public Transport Project 101699,Ministry of Housing & Urban Affairs,Urban Public Transport,6401.13,6023.14,2017.01,37.1,Delayed,-5.91,False,False,True,True,land acquisition delays
101700,Urban Public Transport Project 101700,Ministry of Housing & Urban Affairs,Urban Public Transport,1733.87,1676.45,1239.46,83.2,On Track,-3.31,False,False,True,True,
101701,Urban Public Transport Project 101701,Ministry of Housing & Urban Affairs,Urban Public Transport,7500.86,7810.93,4184.26,68.9,On Track,4.13,False,False,True,True,
101702,Urban Public Transport Project 101702,Ministry of Housing & Urban Affairs,Urban Public Transport,6232.92,6981.07,3667.14,58.4,Delayed,12.0,False,False,True,True,scope changes and structural revisions
101703,Urban Public Transport Project 101703,Ministry of Housing & Urban Affairs,Urban Public Transport,2062.82,2247.22,1762.5,99.6,Completed,8.94,False,False,True,True,
101704,Urban Public Transport Project 101704,Ministry of Housing & Urban Affairs,Urban Public Transport,2144.71,2060.63,1271.64,81.8,On Track,-3.92,False,False,True,True,
101705,Urban Public Transport Project 101705,Ministry of Housing & Urban Affairs,Urban Public Transport,4190.93,4805.56,1607.61,43.3,Delayed,14.67,False,False,True,True,contractual disputes and arbitration
101706,Urban Public Transport Project 101706,Ministry of Housing & Urban Affairs,Urban Public Transport,4814.1,5036.59,1587.04,42.7,Delayed,4.62,False,False,True,True,forest/environment clearance delays
101707,Urban Public Transport Project 101707,Ministry of Housing & Urban Affairs,Urban Public Transport,4245.53,4160.68,2117.8,75.2,On Track,-2.0,False,False,True,True,
101708,Urban Public Transport Project 101708,Ministry of Housing & Urban Affairs,Urban Public Transport,4294.63,4567.88,1526.71,49.3,Delayed,6.36,False,False,True,True,financing tie-up delays
101709,Urban Public Transport Project 101709,Ministry of Housing & Urban Affairs,Urban Public Transport,6842.26,7297.21,4571.43,76.8,On Track,6.65,False,False,True,True,
101710,Urban Public Transport Project 101710,Ministry of Housing & Urban Affairs,Urban Public Transport,10019.47,10149.23,1007.54,14.2,Critical,1.3,False,False,True,True,scope changes and structural revisions
101711,Urban Public Transport Project 101711,Ministry of Housing & Urban Affairs,Urban Public Transport,5299.94,5288.62,4096.94,98.2,On Track,-0.21,False,False,True,True,
101712,Civil Aviation Project 101712,Ministry of Civil Aviation,Civil Aviation,1088.86,1185.56,647.35,57.4,Delayed,8.88,False,False,True,True,financing tie-up delays
101713,Civil Aviation Project 101713,Ministry of Civil Aviation,Civil Aviation,1182.75,1240.43,643.79,65.9,On Track,4.88,False,False,True,True,
101714,Civil Aviation Project 101714,Ministry of Civil Aviation,Civil Aviation,881.83,927.37,281.03,36.8,Delayed,5.16,False,False,True,True,forest/environment clearance delays
101715,Civil Aviation Project 101715,Ministry of Civil Aviation,Civil Aviation,291.61,275.91,193.39,100.0,Completed,-5.38,True,False,True,True,
101716,Civil Aviation Project 101716,Ministry of Civil Aviation,Civil Aviation,803.39,819.36,311.07,42.8,Delayed,1.99,False,False,True,True,land acquisition delays
101717,Civil Aviation Project 101717,Ministry of Civil Aviation,Civil Aviation,772.71,876.23,433.25,65.5,Delayed,13.4,False,False,True,True,land acquisition delays
101718,Civil Aviation Project 101718,Ministry of Civil Aviation,Civil Aviation,499.26,552.2,188.06,31.5,Delayed,10.6,False,False,True,True,delays in detailed engineering
101719,Civil Aviation Project 101719,Ministry of Civil Aviation,Civil Aviation,1057.79,1045.49,558.14,69.4,On Track,-1.16,False,False,True,True,
101720,Civil Aviation Project 101720,Ministry of Civil Aviation,Civil Aviation,2260.46,2661.03,1790.04,88.5,Delayed,17.72,False,False,True,True,delays in detailed engineering
101721,Civil Aviation Project 101721,Ministry of Civil Aviation,Civil Aviation,535.71,600.34,277.17,51.9,Delayed,12.06,False,False,True,True,contractual disputes and arbitration
101722,Civil Aviation Project 101722,Ministry of Civil Aviation,Civil Aviation,3199.05,3668.42,1759.3,63.6,Delayed,14.67,False,False,True,True,financing tie-up delays
101723,Civil Aviation Project 101723,Ministry of Civil Aviation,Civil Aviation,522.46,566.64,366.06,92.1,On Track,8.46,False,False,True,True,
101724,Civil Aviation Project 101724,Ministry of Civil Aviation,Civil Aviation,480.9,571.05,248.38,45.7,Delayed,18.75,False,False,True,True,scope changes and structural revisions
101725,Civil Aviation Project 101725,Ministry of Civil Aviation,Civil Aviation,914.95,1033.22,527.45,71.6,Delayed,12.93,False,False,True,True,tendering and ordering delays
101726,Civil Aviation Project 101726,Ministry of Civil Aviation,Civil Aviation,5896.06,5462.51,2795.56,64.7,On Track,-7.35,False,False,True,True,
101727,Civil Aviation Project 101727,Ministry of Civil Aviation,Civil Aviation,659.15,819.03,482.1,71.5,Delayed,24.26,False,False,True,True,land acquisition delays
101728,Civil Aviation Project 101728,Ministry of Civil Aviation,Civil Aviation,464.11,486.76,215.95,63.0,On Track,4.88,False,False,True,True,
101729,Civil Aviation Project 101729,Ministry of Civil Aviation,Civil Aviation,569.57,605.26,296.45,58.2,On Track,6.27,False,False,True,True,
101730,Civil Aviation Project 101730,Ministry of Civil Aviation,Civil Aviation,891.0,998.18,308.28,43.4,Delayed,12.03,False,False,True,True,land acquisition delays
101731,Civil Aviation Project 101731,Ministry of Civil Aviation,Civil Aviation,769.2,895.48,418.13,73.9,Delayed,16.42,False,False,True,True,contractual disputes and arbitration
101732,Civil Aviation Project 101732,Ministry of Civil Aviation,Civil Aviation,814.7,912.3,584.44,79.5,Delayed,11.98,False,False,True,True,financing tie-up delays
101733,Civil Aviation Project 101733,Ministry of Civil Aviation,Civil Aviation,632.85,633.05,142.83,32.1,Delayed,0.03,False,False,True,True,land acquisition delays
101734,Civil Aviation Project 101734,Ministry of Civil Aviation,Civil Aviation,656.47,710.59,189.29,31.8,Delayed,8.24,False,False,True,True,contractual disputes and arbitration
101735,Civil Aviation Project 101735,Ministry of Civil Aviation,Civil Aviation,599.51,594.29,272.31,57.6,On Track,-0.87,False,False,True,True,
101736,Civil Aviation Project 101736,Ministry of Civil Aviation,Civil Aviation,1802.07,1832.46,269.49,26.5,Delayed,1.69,False,False,True,True,land acquisition delays
101737,Civil Aviation Project 101737,Ministry of Civil Aviation,Civil Aviation,1263.79,1431.39,554.62,53.8,Delayed,13.26,False,False,True,True,forest/environment clearance delays
101738,Civil Aviation Project 101738,Ministry of Civil Aviation,Civil Aviation,722.35,750.2,326.6,50.9,Delayed,3.86,False,False,True,True,tendering and ordering delays
101739,Civil Aviation Project 101739,Ministry of Civil Aviation,Civil Aviation,1086.82,1250.92,715.46,77.9,Delayed,15.1,False,False,True,True,contractual disputes and arbitration
101740,Civil Aviation Project 101740,Ministry of Civil Aviation,Civil Aviation,393.08,494.03,214.12,58.4,Delayed,25.68,False,False,True,True,delays in detailed engineering
101741,Civil Aviation Project 101741,Ministry of Civil Aviation,Civil Aviation,465.09,503.05,180.72,51.7,Delayed,8.16,False,False,True,True,land acquisition delays
101742,Civil Aviation Project 101742,Ministry of Civil Aviation,Civil Aviation,2574.06,2532.92,1884.46,98.3,On Track,-1.6,False,False,True,True,
101743,Civil Aviation Project 101743,Ministry of Civil Aviation,Civil Aviation,379.82,457.75,17.75,22.8,Critical,20.52,False,False,True,True,financing tie-up delays
101744,"Ports, Shipping and Waterways Project 101744","Ministry of Ports, Shipping and Waterways","Ports, Shipping and Waterways",641.13,679.0,323.53,52.6,Delayed,5.91,False,False,True,True,contractual disputes and arbitration
101745,"Ports, Shipping and Waterways Project 101745","Ministry of Ports, Shipping and Waterways","Ports, Shipping and Waterways",493.56,574.83,256.93,58.2,Delayed,16.47,False,False,True,True,forest/environment clearance delays
101746,"Ports, Shipping and Waterways Project 101746","Ministry of Ports, Shipping and Waterways","Ports, Shipping and Waterways",2290.5,2202.6,1248.67,62.1,On Track,-3.84,False,False,True,True,
101747,"Ports, Shipping and Waterways Project 101747","Ministry of Ports, Shipping and Waterways","Ports, Shipping and Waterways",1842.68,1884.13,343.96,33.0,Delayed,2.25,False,False,True,True,land acquisition delays
101748,"Ports, Shipping and Waterways Project 101748","Ministry of Ports, Shipping and Waterways","Ports, Shipping and Waterways",1306.71,1303.36,628.74,60.6,On Track,-0.26,False,False,True,True,
101749,"Ports, Shipping and Waterways Project 101749","Ministry of Ports, Shipping and Waterways","Ports, Shipping and Waterways",3440.51,3424.0,726.2,36.3,Delayed,-0.48,False,False,True,True,contractual disputes and arbitration
101750,"Ports, Shipping and Waterways Project 101750","Ministry of Ports, Shipping and Waterways","Ports, Shipping and Waterways",1356.7,1320.46,510.23,44.5,Delayed,-2.67,False,False,True,True,land acquisition delays
101751,"Ports, Shipping and Waterways Project 101751","Ministry of Ports, Shipping and Waterways","Ports, Shipping and Waterways",1188.87,1307.51,756.36,75.7,Delayed,9.98,False,False,True,True,contractual disputes and arbitration
101752,"Ports, Shipping and Waterways Project 101752","Ministry of Ports, Shipping and Waterways","Ports, Shipping and Waterways",1070.08,1124.06,285.76,25.4,Delayed,5.04,False,False,True,True,financing tie-up delays
101753,"Ports, Shipping and Waterways Project 101753","Ministry of Ports, Shipping and Waterways","Ports, Shipping and Waterways",2319.25,2190.58,1732.75,99.2,Completed,-5.55,False,False,True,True,
101754,"Ports, Shipping and Waterways Project 101754","Ministry of Ports, Shipping and Waterways","Ports, Shipping and Waterways",2086.7,2206.95,906.04,62.6,On Track,5.76,False,False,True,True,
101755,"Ports, Shipping and Waterways Project 101755","Ministry of Ports, Shipping and Waterways","Ports, Shipping and Waterways",2168.86,2119.54,1146.85,60.8,On Track,-2.27,False,False,True,True,
101756,"Ports, Shipping and Waterways Project 101756","Ministry of Ports, Shipping and Waterways","Ports, Shipping and Waterways",430.52,479.48,379.27,100.0,Completed,11.37,False,False,True,True,
101757,"Ports, Shipping and Waterways Project 101757","Ministry of Ports, Shipping and Waterways","Ports, Shipping and Waterways",1262.55,1249.51,104.23,10.9,Critical,-1.03,False,False,True,True,tendering and ordering delays
101758,"Ports, Shipping and Waterways Project 101758","Ministry of Ports, Shipping and Waterways","Ports, Shipping and Waterways",2134.1,2053.24,181.69,17.4,Critical,-3.79,False,False,True,True,land acquisition delays
101759,"Ports, Shipping and Waterways Project 101759","Ministry of Ports, Shipping and Waterways","Ports, Shipping and Waterways",2264.84,2390.63,1361.47,66.8,On Track,5.55,False,False,True,True,
101760,"Ports, Shipping and Waterways Project 101760","Ministry of Ports, Shipping and Waterways","Ports, Shipping and Waterways",1212.52,1267.18,898.98,85.6,On Track,4.51,False,False,True,True,
101761,"Ports, Shipping and Waterways Project 101761","Ministry of Ports, Shipping and Waterways","Ports, Shipping and Waterways",1533.23,1561.52,1056.87,97.6,On Track,1.85,False,False,True,True,
101762,"Ports, Shipping and Waterways Project 101762","Ministry of Ports, Shipping and Waterways","Ports, Shipping and Waterways",380.94,381.04,145.07,52.6,Delayed,0.03,False,False,True,True,land acquisition delays
101763,"Ports, Shipping and Waterways Project 101763","Ministry of Ports, Shipping and Waterways","Ports, Shipping and Waterways",421.68,438.9,230.82,67.8,On Track,4.08,False,False,True,True,
101764,"Ports, Shipping and Waterways Project 101764","Ministry of Ports, Shipping and Waterways","Ports, Shipping and Waterways",4105.08,3884.04,3054.98,99.3,Completed,-5.38,True,False,True,True,
101765,"Ports, Shipping and Waterways Project 101765","Ministry of Ports, Shipping and Waterways","Ports, Shipping and Waterways",1481.79,1524.95,965.32,75.9,On Track,2.91,False,False,True,True,
101766,"Ports, Shipping and Waterways Project 101766","Ministry of Ports, Shipping and Waterways","Ports, Shipping and Waterways",711.78,785.28,328.82,55.6,Delayed,10.33,False,False,True,True,forest/environment clearance delays
101767,"Ports, Shipping and Waterways Project 101767","Ministry of Ports, Shipping and Waterways","Ports, Shipping and Waterways",1546.02,1469.61,293.1,30.7,Delayed,-4.94,False,False,True,True,tendering and ordering delays
101768,"Ports, Shipping and Waterways Project 101768","Ministry of Ports, Shipping and Waterways","Ports, Shipping and Waterways",2587.48,2554.41,1748.77,80.5,On Track,-1.28,False,False,True,True,
101769,"Ports, Shipping and Waterways Project 101769","Ministry of Ports, Shipping and Waterways","Ports, Shipping and Waterways",1593.45,1804.34,575.65,46.7,Delayed,13.23,False,False,True,True,land acquisition delays
101770,"Ports, Shipping and Waterways Project 101770","Ministry of Ports, Shipping and Waterways","Ports, Shipping and Waterways",2613.15,2645.0,1270.96,70.6,On Track,1.22,False,False,True,True,
101771,"Ports, Shipping and Waterways Project 101771","Ministry of Ports, Shipping and Waterways","Ports, Shipping and Waterways",755.32,829.95,606.0,98.8,Delayed,9.88,False,False,True,True,financing tie-up delays
101772,"Ports, Shipping and Waterways Project 101772","Ministry of Ports, Shipping and Waterways","Ports, Shipping and Waterways",1846.2,1901.61,1504.17,100.0,Completed,3.0,False,False,True,True,
101773,"Ports, Shipping and Waterways Project 101773","Ministry of Ports, Shipping and Waterways","Ports, Shipping and Waterways",936.52,986.82,710.06,90.2,On Track,5.37,False,False,True,True,
101774,Education Project 101774,Ministry of Education,Education,417.08,396.07,278.0,86.7,On Track,-5.04,False,False,True,True,
101775,Education Project 101775,Ministry of Education,Education,869.5,850.17,534.76,70.6,On Track,-2.22,False,False,True,True,
101776,Education Project 101776,Ministry of Education,Education,181.42,163.1,81.69,67.9,On Track,-10.1,False,False,True,True,
101777,Education Project 101777,Ministry of Education,Education,386.97,395.22,234.69,78.3,On Track,2.13,False,False,True,True,
101778,Education Project 101778,Ministry of Education,Education,535.0,461.8,63.64,31.9,Delayed,-13.68,False,False,True,True,tendering and ordering delays
101779,Education Project 101779,Ministry of Education,Education,547.51,505.72,359.08,89.7,On Track,-7.63,False,False,True,True,
101780,Education Project 101780,Ministry of Education,Education,480.24,427.06,74.07,31.0,Delayed,-11.07,False,False,True,True,financing tie-up delays
101781,Education Project 101781,Ministry of Education,Education,761.59,699.13,120.82,14.8,Critical,-8.2,False,False,True,True,forest/environment clearance delays
101782,Education Project 101782,Ministry of Education,Education,1344.41,1215.36,372.85,49.9,Delayed,-9.6,False,False,True,True,forest/environment clearance delays
101783,Education Project 101783,Ministry of Education,Education,857.98,789.92,168.24,33.0,Delayed,-7.93,False,False,True,True,land acquisition delays
101784,Education Project 101784,Ministry of Education,Education,462.27,417.35,153.37,52.0,Delayed,-9.72,False,False,True,True,forest/environment clearance delays
101785,Education Project 101785,Ministry of Education,Education,267.59,234.64,115.05,59.6,On Track,-12.31,False,False,True,True,
101786,Education Project 101786,Ministry of Education,Education,674.86,611.85,268.08,68.3,On Track,-9.34,False,False,True,True,
101787,Education Project 101787,Ministry of Education,Education,1118.53,1155.3,637.18,65.6,On Track,3.29,False,False,True,True,
101788,Education Project 101788,Ministry of Education,Education,320.58,333.48,105.88,37.2,Delayed,4.02,False,False,True,True,forest/environment clearance delays
101789,Education Project 101789,Ministry of Education,Education,490.87,428.21,192.3,53.1,Delayed,-12.77,False,False,True,True,land acquisition delays
101790,Education Project 101790,Ministry of Education,Education,630.81,561.86,258.92,70.2,On Track,-10.93,False,False,True,True,
101791,Education Project 101791,Ministry of Education,Education,288.18,238.35,105.59,59.0,On Track,-17.29,False,False,True,True,
101792,Education Project 101792,Ministry of Education,Education,247.86,224.72,113.79,60.5,On Track,-9.34,False,False,True,True,
101793,Education Project 101793,Ministry of Education,Education,110.39,97.39,24.09,37.7,Delayed,-11.78,False,False,True,True,delays in detailed engineering
101794,Education Project 101794,Ministry of Education,Education,324.39,284.34,172.58,72.2,On Track,-12.35,False,False,True,True,
101795,Education Project 101795,Ministry of Education,Education,529.87,481.06,194.97,50.4,Delayed,-9.21,False,False,True,True,land acquisition delays
101796,Education Project 101796,Ministry of Education,Education,345.08,291.91,128.93,50.1,Delayed,-15.41,False,False,True,True,forest/environment clearance delays
101797,Education Project 101797,Ministry of Education,Education,811.74,749.96,29.08,7.8,Critical,-7.61,False,False,True,True,financing tie-up delays
101798,Education Project 101798,Ministry of Education,Education,850.68,784.84,481.53,78.2,On Track,-7.74,False,False,True,True,
101799,Education Project 101799,Ministry of Education,Education,732.38,655.75,181.01,40.4,Delayed,-10.46,False,False,True,True,land acquisition delays
101800,Education Project 101800,Ministry of Education,Education,404.29,363.56,193.5,60.5,On Track,-10.07,False,False,True,True,
101801,Education Project 101801,Ministry of Education,Education,322.74,290.08,214.4,85.0,On Track,-10.12,False,False,True,True,
101802,Education Project 101802,Ministry of Education,Education,693.22,600.82,275.22,45.3,Delayed,-13.33,False,False,True,True,financing tie-up delays
101803,Education Project 101803,Ministry of Education,Education,169.26,170.28,40.97,45.9,Delayed,0.6,False,False,True,True,geological surprises
101804,Steel Project 101804,Ministry of Steel,Steel,5829.14,7751.84,3011.22,31.1,Delayed,32.98,False,False,True,True,forest/environment clearance delays
101805,Steel Project 101805,Ministry of Steel,Steel,1574.21,1712.19,802.95,56.1,On Track,8.77,False,False,True,True,
101806,Steel Project 101806,Ministry of Steel,Steel,2237.87,2646.57,669.28,24.9,Critical,18.26,False,False,True,True,tendering and ordering delays
101807,Steel Project 101807,Ministry of Steel,Steel,545.19,608.11,216.54,48.6,Delayed,11.54,False,False,True,True,financing tie-up delays
101808,Steel Project 101808,Ministry of Steel,Steel,1487.43,1815.1,680.74,44.7,Delayed,22.03,False,False,True,True,land acquisition delays
101809,Steel Project 101809,Ministry of Steel,Steel,454.61,499.24,282.53,74.2,Delayed,9.82,False,False,True,True,land acquisition delays
101810,Steel Project 101810,Ministry of Steel,Steel,1156.96,1473.16,414.47,41.0,Delayed,27.33,False,False,True,True,forest/environment clearance delays
101811,Steel Project 101811,Ministry of Steel,Steel,2964.93,3363.68,2367.52,93.7,Delayed,13.45,False,False,True,True,scope changes and structural revisions
101812,Steel Project 101812,Ministry of Steel,Steel,781.71,930.52,390.68,43.2,Delayed,19.04,False,False,True,True,land acquisition delays
101813,Steel Project 101813,Ministry of Steel,Steel,2437.98,2503.49,905.88,61.6,On Track,2.69,False,False,True,True,
101814,Steel Project 101814,Ministry of Steel,Steel,965.27,1114.58,265.46,26.3,Delayed,15.47,False,False,True,True,land acquisition delays
101815,Steel Project 101815,Ministry of Steel,Steel,4331.15,4600.42,2553.71,76.3,On Track,6.22,False,False,True,True,
101816,Steel Project 101816,Ministry of Steel,Steel,2641.91,3324.18,1467.31,66.5,Delayed,25.82,False,False,True,True,land acquisition delays
101817,Steel Project 101817,Ministry of Steel,Steel,4411.42,5231.39,1820.0,47.8,Delayed,18.59,False,False,True,True,financing tie-up delays
101818,Steel Project 101818,Ministry of Steel,Steel,2627.86,3335.45,1815.37,59.8,Delayed,26.93,False,False,True,True,land acquisition delays
101819,Steel Project 101819,Ministry of Steel,Steel,2058.09,2333.25,1667.97,98.9,Delayed,13.37,False,False,True,True,delays in detailed engineering
101820,Steel Project 101820,Ministry of Steel,Steel,2660.9,3331.15,1628.1,67.2,Delayed,25.19,False,False,True,True,geological surprises
101821,Steel Project 101821,Ministry of Steel,Steel,1358.66,1525.37,786.94,66.9,Delayed,12.27,False,False,True,True,contractual disputes and arbitration
101822,Steel Project 101822,Ministry of Steel,Steel,2098.45,2435.53,1086.73,55.2,Delayed,16.06,False,False,True,True,financing tie-up delays
101823,Steel Project 101823,Ministry of Steel,Steel,1512.32,1446.2,755.75,63.3,On Track,-4.37,False,False,True,True,
101824,Steel Project 101824,Ministry of Steel,Steel,1674.88,2019.65,1273.79,71.9,Delayed,20.58,False,False,True,True,forest/environment clearance delays
101825,Steel Project 101825,Ministry of Steel,Steel,873.47,980.49,389.33,54.4,Delayed,12.25,False,False,True,True,scope changes and structural revisions
101826,Steel Project 101826,Ministry of Steel,Steel,4585.17,5514.54,2675.65,56.7,Delayed,20.27,False,False,True,True,land acquisition delays
101827,Steel Project 101827,Ministry of Steel,Steel,1396.47,1474.07,866.12,71.8,On Track,5.56,False,False,True,True,
101828,Steel Project 101828,Ministry of Steel,Steel,1671.0,1993.89,1196.4,77.5,Delayed,19.32,False,False,True,True,tendering and ordering delays
101829,Renewable Energy Project 101829,Ministry of New and Renewable Energy,Renewable Energy,908.88,1048.92,718.14,89.7,Delayed,15.41,False,False,True,True,forest/environment clearance delays
101830,Renewable Energy Project 101830,Ministry of New and Renewable Energy,Renewable Energy,637.59,717.84,389.72,69.4,Delayed,12.59,False,False,True,True,land acquisition delays
101831,Renewable Energy Project 101831,Ministry of New and Renewable Energy,Renewable Energy,682.97,817.39,462.1,85.3,Delayed,19.68,False,False,True,True,delays in detailed engineering
101832,Renewable Energy Project 101832,Ministry of New and Renewable Energy,Renewable Energy,1229.36,1380.69,1092.12,98.4,Delayed,12.31,False,False,True,True,tendering and ordering delays
101833,Renewable Energy Project 101833,Ministry of New and Renewable Energy,Renewable Energy,595.4,641.76,178.74,34.1,Delayed,7.79,False,False,True,True,financing tie-up delays
101834,Renewable Energy Project 101834,Ministry of New and Renewable Energy,Renewable Energy,1171.02,1383.09,500.97,46.5,Delayed,18.11,False,False,True,True,scope changes and structural revisions
101835,Renewable Energy Project 101835,Ministry of New and Renewable Energy,Renewable Energy,682.28,791.54,626.11,99.4,Completed,16.01,False,False,True,True,
101836,Renewable Energy Project 101836,Ministry of New and Renewable Energy,Renewable Energy,886.77,839.02,119.69,12.6,Critical,-5.38,True,False,True,True,delays in detailed engineering
101837,Renewable Energy Project 101837,Ministry of New and Renewable Energy,Renewable Energy,724.62,724.46,384.74,67.4,On Track,-0.02,False,False,True,True,
101838,Renewable Energy Project 101838,Ministry of New and Renewable Energy,Renewable Energy,1599.59,1793.11,682.74,44.2,Delayed,12.1,False,False,True,True,law-and-order and local right-of-way issues
101839,Renewable Energy Project 101839,Ministry of New and Renewable Energy,Renewable Energy,903.81,1120.12,458.23,50.5,Delayed,23.93,False,False,True,True,forest/environment clearance delays
101840,Renewable Energy Project 101840,Ministry of New and Renewable Energy,Renewable Energy,808.71,881.51,341.62,52.8,Delayed,9.0,False,False,True,True,forest/environment clearance delays
101841,Renewable Energy Project 101841,Ministry of New and Renewable Energy,Renewable Energy,821.52,876.08,417.55,52.5,Delayed,6.64,False,False,True,True,scope changes and structural revisions
101842,Renewable Energy Project 101842,Ministry of New and Renewable Energy,Renewable Energy,2146.26,2183.1,1609.89,84.0,On Track,1.72,False,False,True,True,
101843,Renewable Energy Project 101843,Ministry of New and Renewable Energy,Renewable Energy,315.39,328.85,150.5,59.7,On Track,4.27,False,False,True,True,
101844,Renewable Energy Project 101844,Ministry of New and Renewable Energy,Renewable Energy,985.83,1103.94,352.22,39.0,Delayed,11.98,False,False,True,True,law-and-order and local right-of-way issues
101845,Renewable Energy Project 101845,Ministry of New and Renewable Energy,Renewable Energy,527.93,555.14,63.65,18.6,Critical,5.15,False,False,True,True,scope changes and structural revisions
101846,Renewable Energy Project 101846,Ministry of New and Renewable Energy,Renewable Energy,2956.25,3036.63,1053.31,48.2,Delayed,2.72,False,False,True,True,contractual disputes and arbitration
101847,Renewable Energy Project 101847,Ministry of New and Renewable Energy,Renewable Energy,1430.81,1641.0,1189.05,100.0,Completed,14.69,False,False,True,True,
101848,Renewable Energy Project 101848,Ministry of New and Renewable Energy,Renewable Energy,462.06,486.12,337.52,99.6,Completed,5.21,False,False,True,True,
101849,Renewable Energy Project 101849,Ministry of New and Renewable Energy,Renewable Energy,1559.46,1620.06,784.15,53.2,Delayed,3.89,False,False,True,True,financing tie-up delays
101850,Renewable Energy Project 101850,Ministry of New and Renewable Energy,Renewable Energy,945.72,1077.88,644.72,79.9,Delayed,13.97,False,False,True,True,land acquisition delays
101851,Renewable Energy Project 101851,Ministry of New and Renewable Energy,Renewable Energy,1682.41,1705.53,669.0,57.1,On Track,1.37,False,False,True,True,
101852,Renewable Energy Project 101852,Ministry of New and Renewable Energy,Renewable Energy,1189.87,1125.81,517.58,56.1,On Track,-5.38,True,False,True,True,
101853,Housing & Urban Affairs Project 101853,Ministry of Housing & Urban Affairs,Housing & Urban Affairs,1295.1,1502.49,482.92,40.0,Delayed,16.01,False,False,True,True,forest/environment clearance delays
101854,Housing & Urban Affairs Project 101854,Ministry of Housing & Urban Affairs,Housing & Urban Affairs,1148.87,1164.72,128.43,12.5,Critical,1.38,False,False,True,True,contractual disputes and arbitration
101855,Housing & Urban Affairs Project 101855,Ministry of Housing & Urban Affairs,Housing & Urban Affairs,605.92,654.26,429.46,87.7,On Track,7.98,False,False,True,True,
101856,Housing & Urban Affairs Project 101856,Ministry of Housing & Urban Affairs,Housing & Urban Affairs,794.94,868.02,461.81,72.2,Delayed,9.19,False,False,True,True,forest/environment clearance delays
101857,Housing & Urban Affairs Project 101857,Ministry of Housing & Urban Affairs,Housing & Urban Affairs,869.37,975.8,363.15,41.2,Delayed,12.24,False,False,True,True,forest/environment clearance delays
101858,Housing & Urban Affairs Project 101858,Ministry of Housing & Urban Affairs,Housing & Urban Affairs,801.22,874.15,227.2,35.3,Delayed,9.1,False,False,True,True,forest/environment clearance delays
101859,Housing & Urban Affairs Project 101859,Ministry of Housing & Urban Affairs,Housing & Urban Affairs,3159.47,3524.86,1566.04,47.7,Delayed,11.56,False,False,True,True,forest/environment clearance delays
101860,Housing & Urban Affairs Project 101860,Ministry of Housing & Urban Affairs,Housing & Urban Affairs,582.62,625.49,37.6,10.2,Critical,7.36,False,False,True,True,land acquisition delays
101861,Housing & Urban Affairs Project 101861,Ministry of Housing & Urban Affairs,Housing & Urban Affairs,719.41,788.22,505.71,85.1,Delayed,9.56,False,False,True,True,financing tie-up delays
101862,Housing & Urban Affairs Project 101862,Ministry of Housing & Urban Affairs,Housing & Urban Affairs,980.82,1023.84,809.85,100.0,Completed,4.39,False,False,True,True,
101863,Housing & Urban Affairs Project 101863,Ministry of Housing & Urban Affairs,Housing & Urban Affairs,644.18,609.5,167.63,36.8,Delayed,-5.38,True,False,True,True,forest/environment clearance delays
101864,Housing & Urban Affairs Project 101864,Ministry of Housing & Urban Affairs,Housing & Urban Affairs,1547.93,1669.7,309.81,16.6,Critical,7.87,False,False,True,True,land acquisition delays
101865,Housing & Urban Affairs Project 101865,Ministry of Housing & Urban Affairs,Housing & Urban Affairs,1903.54,2091.24,1468.21,89.3,Delayed,9.86,False,False,True,True,contractual disputes and arbitration
101866,Housing & Urban Affairs Project 101866,Ministry of Housing & Urban Affairs,Housing & Urban Affairs,3936.99,4268.95,2771.4,97.2,On Track,8.43,False,False,True,True,
101867,Housing & Urban Affairs Project 101867,Ministry of Housing & Urban Affairs,Housing & Urban Affairs,467.06,541.23,314.37,71.4,Delayed,15.88,False,False,True,True,land acquisition delays
101868,Housing & Urban Affairs Project 101868,Ministry of Housing & Urban Affairs,Housing & Urban Affairs,2879.15,2947.52,1533.98,72.0,On Track,2.37,False,False,True,True,
101869,Housing & Urban Affairs Project 101869,Ministry of Housing & Urban Affairs,Housing & Urban Affairs,682.89,737.88,441.31,81.8,On Track,8.05,False,False,True,True,
101870,Housing & Urban Affairs Project 101870,Ministry of Housing & Urban Affairs,Housing & Urban Affairs,699.34,808.41,468.3,71.0,Delayed,15.6,False,False,True,True,forest/environment clearance delays
101871,Housing & Urban Affairs Project 101871,Ministry of Housing & Urban Affairs,Housing & Urban Affairs,613.29,644.46,105.09,8.5,Critical,5.08,False,False,True,True,forest/environment clearance delays
101872,Housing & Urban Affairs Project 101872,Ministry of Housing & Urban Affairs,Housing & Urban Affairs,902.32,1053.79,816.37,99.0,Completed,16.79,False,False,True,True,
101873,Housing & Urban Affairs Project 101873,Ministry of Housing & Urban Affairs,Housing & Urban Affairs,2020.94,2088.14,1290.06,73.0,On Track,3.33,False,False,True,True,
101874,Housing & Urban Affairs Project 101874,Ministry of Housing & Urban Affairs,Housing & Urban Affairs,1112.11,1251.77,839.29,80.5,Delayed,12.56,False,False,True,True,financing tie-up delays
101875,Telecommunication Project 101875,Ministry of Communications,Telecommunication,1788.43,2718.83,1932.7,86.1,Critical,52.02,False,False,True,True,land acquisition delays
101876,Telecommunication Project 101876,Ministry of Communications,Telecommunication,2426.0,4754.04,1077.26,28.4,Critical,95.96,False,False,True,True,geological surprises
101877,Telecommunication Project 101877,Ministry of Communications,Telecommunication,13402.12,19771.89,8195.5,51.1,Critical,47.53,False,False,True,True,forest/environment clearance delays
101878,Telecommunication Project 101878,Ministry of Communications,Telecommunication,4373.26,9992.29,3723.25,48.7,Critical,128.49,False,False,True,True,land acquisition delays
101879,Telecommunication Project 101879,Ministry of Communications,Telecommunication,5950.67,11795.66,835.38,17.6,Critical,98.22,False,False,True,True,land acquisition delays
101880,Telecommunication Project 101880,Ministry of Communications,Telecommunication,7879.03,12502.49,6814.63,60.6,Critical,58.68,False,False,True,True,contractual disputes and arbitration
101881,Telecommunication Project 101881,Ministry of Communications,Telecommunication,3716.61,5668.28,4131.99,94.2,Critical,52.51,False,False,True,True,forest/environment clearance delays
101882,Telecommunication Project 101882,Ministry of Communications,Telecommunication,4282.93,9332.79,6619.85,87.9,Critical,117.91,False,False,True,True,geological surprises
101883,Telecommunication Project 101883,Ministry of Communications,Telecommunication,4052.81,7455.09,4304.13,73.6,Critical,83.95,False,False,True,True,land acquisition delays
101884,Telecommunication Project 101884,Ministry of Communications,Telecommunication,4661.0,8512.77,6733.6,99.5,Completed,82.64,False,False,True,True,
101885,Telecommunication Project 101885,Ministry of Communications,Telecommunication,7152.47,15823.48,8301.5,67.6,Critical,121.23,False,False,True,True,scope changes and structural revisions
101886,Telecommunication Project 101886,Ministry of Communications,Telecommunication,7246.27,14119.83,9296.64,85.1,Critical,94.86,False,False,True,True,land acquisition delays
101887,Telecommunication Project 101887,Ministry of Communications,Telecommunication,2644.37,4476.77,2633.49,76.1,Critical,69.29,False,False,True,True,land acquisition delays
101888,Telecommunication Project 101888,Ministry of Communications,Telecommunication,7733.23,10951.02,6065.0,70.1,Delayed,41.61,False,False,True,True,land acquisition delays
101889,Fertilizers Project 101889,Ministry of Chemicals & Fertilizers,Fertilizers,2058.14,2337.87,380.37,25.6,Delayed,13.59,False,False,True,True,land acquisition delays
101890,Fertilizers Project 101890,Ministry of Chemicals & Fertilizers,Fertilizers,703.96,770.2,554.9,99.3,Completed,9.41,False,False,True,True,
101891,Fertilizers Project 101891,Ministry of Chemicals & Fertilizers,Fertilizers,2050.5,2118.45,1675.69,99.2,Completed,3.31,False,False,True,True,
101892,Fertilizers Project 101892,Ministry of Chemicals & Fertilizers,Fertilizers,768.28,758.14,417.63,71.6,On Track,-1.32,False,False,True,True,
101893,Fertilizers Project 101893,Ministry of Chemicals & Fertilizers,Fertilizers,536.86,596.3,370.99,71.3,Delayed,11.07,False,False,True,True,forest/environment clearance delays
101894,Fertilizers Project 101894,Ministry of Chemicals & Fertilizers,Fertilizers,591.04,618.21,296.74,65.1,On Track,4.6,False,False,True,True,
101895,Fertilizers Project 101895,Ministry of Chemicals & Fertilizers,Fertilizers,1664.87,1713.63,510.23,54.1,Delayed,2.93,False,False,True,True,forest/environment clearance delays
101896,Fertilizers Project 101896,Ministry of Chemicals & Fertilizers,Fertilizers,462.08,493.45,143.79,37.8,Delayed,6.79,False,False,True,True,financing tie-up delays
101897,Fertilizers Project 101897,Ministry of Chemicals & Fertilizers,Fertilizers,1053.3,1239.97,158.06,22.6,Critical,17.72,False,False,True,True,financing tie-up delays
101898,Fertilizers Project 101898,Ministry of Chemicals & Fertilizers,Fertilizers,1711.85,1767.74,1037.92,67.0,On Track,3.26,False,False,True,True,
101899,Fertilizers Project 101899,Ministry of Chemicals & Fertilizers,Fertilizers,1548.89,1689.12,1327.38,99.2,Completed,9.05,False,False,True,True,
101900,Fertilizers Project 101900,Ministry of Chemicals & Fertilizers,Fertilizers,473.36,487.62,226.83,66.7,On Track,3.01,False,False,True,True,
101901,Fertilizers Project 101901,Ministry of Chemicals & Fertilizers,Fertilizers,2350.45,2634.83,1312.79,60.5,Delayed,12.1,False,False,True,True,land acquisition delays
101902,Fertilizers Project 101902,Ministry of Chemicals & Fertilizers,Fertilizers,3263.96,3437.58,1966.25,74.9,On Track,5.32,False,False,True,True,
101903,Energy Storage Project 101903,Ministry of Power,Energy Storage,730.58,1221.1,420.47,41.7,Critical,67.14,False,False,True,True,scope changes and structural revisions
101904,Energy Storage Project 101904,Ministry of Power,Energy Storage,709.2,1255.5,635.68,63.2,Critical,77.03,False,False,True,True,tendering and ordering delays
101905,Energy Storage Project 101905,Ministry of Power,Energy Storage,1119.44,1886.41,502.71,39.1,Critical,68.51,False,False,True,True,forest/environment clearance delays
101906,Energy Storage Project 101906,Ministry of Power,Energy Storage,751.44,998.78,392.86,52.7,Delayed,32.92,False,False,True,True,land acquisition delays
101907,Energy Storage Project 101907,Ministry of Power,Energy Storage,962.13,1517.67,765.94,61.1,Critical,57.74,False,False,True,True,forest/environment clearance delays
101908,Energy Storage Project 101908,Ministry of Power,Energy Storage,809.23,1253.22,794.27,87.6,Critical,54.87,False,False,True,True,financing tie-up delays
101909,Energy Storage Project 101909,Ministry of Power,Energy Storage,779.43,1070.29,370.16,41.2,Delayed,37.32,False,False,True,True,contractual disputes and arbitration
101910,Energy Storage Project 101910,Ministry of Power,Energy Storage,1105.27,1320.03,683.1,77.2,Delayed,19.43,False,False,True,True,land acquisition delays
101911,Energy Storage Project 101911,Ministry of Power,Energy Storage,603.94,688.87,370.08,67.5,Delayed,14.06,False,False,True,True,scope changes and structural revisions
101912,Energy Storage Project 101912,Ministry of Power,Energy Storage,1248.21,1553.97,506.24,46.9,Delayed,24.5,False,False,True,True,contractual disputes and arbitration
101913,Energy Storage Project 101913,Ministry of Power,Energy Storage,692.22,779.12,219.36,32.0,Delayed,12.55,False,False,True,True,financing tie-up delays
101914,Energy Storage Project 101914,Ministry of Power,Energy Storage,903.63,1066.92,552.51,76.0,Delayed,18.07,False,False,True,True,land acquisition delays
101915,Atomic Energy Project 101915,Department of Atomic Energy,Atomic Energy,6081.68,6073.85,3810.3,77.0,On Track,-0.13,False,False,True,True,
101916,Atomic Energy Project 101916,Department of Atomic Energy,Atomic Energy,12623.88,13570.64,6439.04,56.9,On Track,7.5,False,False,True,True,
101917,Atomic Energy Project 101917,Department of Atomic Energy,Atomic Energy,1959.18,1959.4,243.19,7.1,Critical,0.01,False,False,True,True,delays in detailed engineering
101918,Atomic Energy Project 101918,Department of Atomic Energy,Atomic Energy,6966.82,7252.57,3791.19,62.0,On Track,4.1,False,False,True,True,
101919,Atomic Energy Project 101919,Department of Atomic Energy,Atomic Energy,3072.86,3349.8,450.0,12.5,Critical,9.01,False,False,True,True,contractual disputes and arbitration
101920,Atomic Energy Project 101920,Department of Atomic Energy,Atomic Energy,2032.51,2204.2,1669.06,99.4,Completed,8.45,False,False,True,True,
101921,Atomic Energy Project 101921,Department of Atomic Energy,Atomic Energy,17787.2,19163.93,6391.94,43.9,Delayed,7.74,False,False,True,True,scope changes and structural revisions
101922,Atomic Energy Project 101922,Department of Atomic Energy,Atomic Energy,4135.82,4589.72,2594.46,71.4,Delayed,10.97,False,False,True,True,land acquisition delays
101923,Atomic Energy Project 101923,Department of Atomic Energy,Atomic Energy,2568.53,2430.23,1732.36,85.1,On Track,-5.38,True,False,True,True,
101924,Atomic Energy Project 101924,Department of Atomic Energy,Atomic Energy,11318.45,12270.27,3333.07,35.3,Delayed,8.41,False,False,True,True,delays in detailed engineering
101925,Metals & Mining Project 101925,Ministry of Mines,Metals & Mining,1625.25,1628.52,637.13,54.2,Delayed,0.2,False,False,True,True,forest/environment clearance delays
101926,Metals & Mining Project 101926,Ministry of Mines,Metals & Mining,1382.14,1455.53,633.79,58.3,On Track,5.31,False,False,True,True,
101927,Metals & Mining Project 101927,Ministry of Mines,Metals & Mining,1048.91,1164.07,420.86,45.3,Delayed,10.98,False,False,True,True,land acquisition delays
101928,Metals & Mining Project 101928,Ministry of Mines,Metals & Mining,318.97,354.77,162.33,49.1,Delayed,11.22,False,False,True,True,land acquisition delays
101929,Metals & Mining Project 101929,Ministry of Mines,Metals & Mining,674.61,717.61,356.08,67.5,On Track,6.37,False,False,True,True,
101930,Metals & Mining Project 101930,Ministry of Mines,Metals & Mining,904.9,1130.03,625.42,68.5,Delayed,24.88,False,False,True,True,financing tie-up delays
101931,Metals & Mining Project 101931,Ministry of Mines,Metals & Mining,1296.54,1458.03,1153.3,97.4,Delayed,12.46,False,False,True,True,land acquisition delays
101932,Rural Development Project 101932,Ministry of Rural Development,Rural Development,370.01,392.24,168.31,45.6,Delayed,6.01,False,False,True,True,contractual disputes and arbitration
101933,Rural Development Project 101933,Ministry of Rural Development,Rural Development,309.29,306.52,84.27,40.0,Delayed,-0.9,False,False,True,True,financing tie-up delays
101934,Rural Development Project 101934,Ministry of Rural Development,Rural Development,260.04,278.99,26.29,16.2,Critical,7.29,False,False,True,True,scope changes and structural revisions
101935,Rural Development Project 101935,Ministry of Rural Development,Rural Development,242.6,265.18,125.32,68.4,Delayed,9.31,False,False,True,True,forest/environment clearance delays
101936,Rural Development Project 101936,Ministry of Rural Development,Rural Development,395.81,406.59,276.68,82.0,On Track,2.72,False,False,True,True,
101937,Rural Development Project 101937,Ministry of Rural Development,Rural Development,412.75,445.16,214.07,57.4,On Track,7.85,False,False,True,True,
101938,Rural Development Project 101938,Ministry of Rural Development,Rural Development,1275.77,1464.49,681.35,64.7,Delayed,14.79,False,False,True,True,geological surprises
101939,Rural Development Project 101939,Ministry of Rural Development,Rural Development,330.44,324.92,77.22,35.2,Delayed,-1.67,False,False,True,True,land acquisition delays
101940,Rural Development Project 101940,Ministry of Rural Development,Rural Development,954.7,1108.41,568.41,57.6,Delayed,16.1,False,False,True,True,financing tie-up delays
101941,Rural Development Project 101941,Ministry of Rural Development,Rural Development,355.91,362.06,222.15,80.4,On Track,1.73,False,False,True,True,
101942,Rural Development Project 101942,Ministry of Rural Development,Rural Development,285.74,273.09,141.31,63.8,On Track,-4.43,False,False,True,True,
101943,Rural Development Project 101943,Ministry of Rural Development,Rural Development,121.74,146.51,9.33,12.2,Critical,20.35,False,False,True,True,land acquisition delays
101944,Rural Development Project 101944,Ministry of Rural Development,Rural Development,245.49,276.82,158.84,75.3,Delayed,12.76,False,False,True,True,contractual disputes and arbitration
101945,Rural Development Project 101945,Ministry of Rural Development,Rural Development,637.19,647.25,233.88,45.2,Delayed,1.58,False,False,True,True,contractual disputes and arbitration
101946,Rural Development Project 101946,Ministry of Rural Development,Rural Development,330.42,366.9,145.36,45.1,Delayed,11.04,False,False,True,True,land acquisition delays
101947,Rural Development Project 101947,Ministry of Rural Development,Rural Development,1135.51,1290.93,483.13,59.4,Delayed,13.69,False,False,True,True,forest/environment clearance delays
101948,Agriculture & Farmers Welfare Project 101948,Ministry of Agriculture & Farmers Welfare,Agriculture & Farmers Welfare,512.26,580.32,360.43,83.5,Delayed,13.29,False,False,True,True,contractual disputes and arbitration
101949,Agriculture & Farmers Welfare Project 101949,Ministry of Agriculture & Farmers Welfare,Agriculture & Farmers Welfare,414.3,434.79,278.14,72.2,On Track,4.95,False,False,True,True,
101950,Agriculture & Farmers Welfare Project 101950,Ministry of Agriculture & Farmers Welfare,Agriculture & Farmers Welfare,771.72,876.75,331.83,45.1,Delayed,13.61,False,False,True,True,geological surprises
101951,Agriculture & Farmers Welfare Project 101951,Ministry of Agriculture & Farmers Welfare,Agriculture & Farmers Welfare,270.93,298.14,183.47,67.2,Delayed,10.04,False,False,True,True,delays in detailed engineering
101952,Agriculture & Farmers Welfare Project 101952,Ministry of Agriculture & Farmers Welfare,Agriculture & Farmers Welfare,529.43,604.2,308.21,53.9,Delayed,14.12,False,False,True,True,delays in detailed engineering
101953,Agriculture & Farmers Welfare Project 101953,Ministry of Agriculture & Farmers Welfare,Agriculture & Farmers Welfare,149.5,178.37,74.61,58.4,Delayed,19.31,False,False,True,True,land acquisition delays
101954,Agriculture & Farmers Welfare Project 101954,Ministry of Agriculture & Farmers Welfare,Agriculture & Farmers Welfare,589.4,685.86,410.34,80.7,Delayed,16.37,False,False,True,True,contractual disputes and arbitration
101955,Agriculture & Farmers Welfare Project 101955,Ministry of Agriculture & Farmers Welfare,Agriculture & Farmers Welfare,364.34,373.01,181.77,52.3,Delayed,2.38,False,False,True,True,contractual disputes and arbitration
101956,Agriculture & Farmers Welfare Project 101956,Ministry of Agriculture & Farmers Welfare,Agriculture & Farmers Welfare,200.16,210.16,102.79,71.1,On Track,5.0,False,False,True,True,
101957,Agriculture & Farmers Welfare Project 101957,Ministry of Agriculture & Farmers Welfare,Agriculture & Farmers Welfare,272.04,297.02,151.54,61.6,Delayed,9.18,False,False,True,True,land acquisition delays
101958,Agriculture & Farmers Welfare Project 101958,Ministry of Agriculture & Farmers Welfare,Agriculture & Farmers Welfare,357.41,367.67,209.52,75.9,On Track,2.87,False,False,True,True,
101959,Agriculture & Farmers Welfare Project 101959,Ministry of Agriculture & Farmers Welfare,Agriculture & Farmers Welfare,293.74,343.14,271.42,98.7,Delayed,16.82,False,False,True,True,financing tie-up delays
101960,Agriculture & Farmers Welfare Project 101960,Ministry of Agriculture & Farmers Welfare,Agriculture & Farmers Welfare,271.13,326.41,55.52,19.5,Critical,20.39,False,False,True,True,land acquisition delays
101961,Agriculture & Farmers Welfare Project 101961,Ministry of Agriculture & Farmers Welfare,Agriculture & Farmers Welfare,439.39,540.28,272.78,64.0,Delayed,22.96,False,False,True,True,tendering and ordering delays
101962,Tourism Project 101962,Ministry of Tourism,Tourism,138.21,155.29,32.15,26.5,Delayed,12.36,False,False,True,True,contractual disputes and arbitration
101963,Tourism Project 101963,Ministry of Tourism,Tourism,901.1,1038.59,409.08,41.3,Delayed,15.26,False,False,True,True,land acquisition delays
101964,Tourism Project 101964,Ministry of Tourism,Tourism,176.05,177.3,140.24,97.8,On Track,0.71,False,False,True,True,
101965,Tourism Project 101965,Ministry of Tourism,Tourism,793.31,889.84,290.14,50.8,Delayed,12.17,False,False,True,True,delays in detailed engineering
101966,Tourism Project 101966,Ministry of Tourism,Tourism,378.8,427.53,338.18,99.8,Completed,12.86,False,False,True,True,
101967,Tourism Project 101967,Ministry of Tourism,Tourism,1048.38,1178.48,930.75,98.2,Delayed,12.41,False,False,True,True,scope changes and structural revisions
101968,Tourism Project 101968,Ministry of Tourism,Tourism,709.77,857.3,131.06,20.1,Critical,20.79,False,False,True,True,financing tie-up delays
101969,Tourism Project 101969,Ministry of Tourism,Tourism,196.49,214.15,90.46,50.9,Delayed,8.99,False,False,True,True,land acquisition delays
101970,Tourism Project 101970,Ministry of Tourism,Tourism,730.09,823.36,396.27,59.0,Delayed,12.78,False,False,True,True,land acquisition delays
101971,Tourism Project 101971,Ministry of Tourism,Tourism,343.19,326.37,157.28,59.1,On Track,-4.9,False,False,True,True,
101972,Tourism Project 101972,Ministry of Tourism,Tourism,400.08,464.9,160.34,44.4,Delayed,16.2,False,False,True,True,scope changes and structural revisions
101973,Tourism Project 101973,Ministry of Tourism,Tourism,195.44,215.71,71.6,52.2,Delayed,10.37,False,False,True,True,scope changes and structural revisions
101974,Tourism Project 101974,Ministry of Tourism,Tourism,421.03,475.18,229.26,49.7,Delayed,12.86,False,False,True,True,tendering and ordering delays
101975,Tourism Project 101975,Ministry of Tourism,Tourism,558.1,624.68,333.15,73.5,Delayed,11.93,False,False,True,True,financing tie-up delays
701415,Polavaram Irrigation Project,Ministry of Jal Shakti,Water Resources,10151.0,55549.0,42000.0,72.0,Critical,447.23,False,False,True,False,scope changes and structural revisions
706775,BharatNet,Ministry of Communications,Telecommunication,61109.0,188000.0,95000.0,65.0,Critical,207.65,False,False,True,False,tendering and ordering delays
705237,Western Dedicated Freight Corridor,Ministry of Railways,Railways,51101.0,124005.0,118000.0,96.0,Critical,142.67,False,False,True,False,land acquisition delays
705728,Mumbai-Ahmedabad High Speed Rail,Ministry of Railways,Railways,108000.0,108000.0,61000.0,48.0,Delayed,0.0,False,False,True,False,land acquisition delays
701530,Ken-Betwa Linking Project,Ministry of Jal Shakti,Water Resources,44605.0,44605.0,6000.0,18.0,Critical,0.0,True,False,True,False,forest/environment clearance delays
